business_unit,period_start,review_attention,coverage_status,present_metrics_count,check_status,missing_metrics,source_systems,Revenue,Variable costs,Fixed costs,Net profit,calculated_net_profit,delta,abs_delta
b2b,2020-10-01,high,partial,1,large_delta,"Variable costs, Fixed costs, Net profit",Revenue=google_sheets_monthly_economics_historical,412500.000000,0,0,0,412500.000000,-412500.000000,412500.000000
b2b,2020-11-01,high,partial,1,large_delta,"Variable costs, Fixed costs, Net profit",Revenue=google_sheets_monthly_economics_historical,62985.000000,0,0,0,62985.000000,-62985.000000,62985.000000
b2b,2021-06-01,high,partial,1,large_delta,"Variable costs, Fixed costs, Net profit",Revenue=google_sheets_monthly_economics_historical,135000.000000,0,0,0,135000.000000,-135000.000000,135000.000000
b2b,2021-08-01,high,partial,1,large_delta,"Variable costs, Fixed costs, Net profit",Revenue=google_sheets_monthly_economics_historical,186100.000000,0,0,0,186100.000000,-186100.000000,186100.000000
b2b,2021-09-01,high,partial,1,large_delta,"Variable costs, Fixed costs, Net profit",Revenue=google_sheets_monthly_economics_historical,32887.000000,0,0,0,32887.000000,-32887.000000,32887.000000
b2b,2021-10-01,high,partial,1,large_delta,"Variable costs, Fixed costs, Net profit",Revenue=google_sheets_monthly_economics_historical,71000.000000,0,0,0,71000.000000,-71000.000000,71000.000000
b2b,2021-11-01,high,partial,1,large_delta,"Variable costs, Fixed costs, Net profit",Revenue=google_sheets_monthly_economics_historical,90900.000000,0,0,0,90900.000000,-90900.000000,90900.000000
b2b,2021-12-01,high,partial,1,large_delta,"Variable costs, Fixed costs, Net profit",Revenue=google_sheets_monthly_economics_historical,642163.000000,0,0,0,642163.000000,-642163.000000,642163.000000
b2b,2022-02-01,high,partial,1,large_delta,"Variable costs, Fixed costs, Net profit",Revenue=google_sheets_monthly_economics_historical,157200.000000,0,0,0,157200.000000,-157200.000000,157200.000000
b2b,2022-03-01,high,partial,1,large_delta,"Variable costs, Fixed costs, Net profit",Revenue=google_sheets_monthly_economics_historical,122100.000000,0,0,0,122100.000000,-122100.000000,122100.000000
b2b,2022-04-01,high,partial,1,large_delta,"Variable costs, Fixed costs, Net profit",Revenue=google_sheets_monthly_economics_historical,20720.000000,0,0,0,20720.000000,-20720.000000,20720.000000
b2b,2022-05-01,high,partial,1,large_delta,"Variable costs, Fixed costs, Net profit",Revenue=google_sheets_monthly_economics_historical,12751.000000,0,0,0,12751.000000,-12751.000000,12751.000000
b2b,2022-06-01,high,partial,1,large_delta,"Variable costs, Fixed costs, Net profit",Revenue=google_sheets_monthly_economics_historical,51000.000000,0,0,0,51000.000000,-51000.000000,51000.000000
b2b,2022-07-01,high,partial,1,large_delta,"Variable costs, Fixed costs, Net profit",Revenue=google_sheets_monthly_economics_historical,33968.000000,0,0,0,33968.000000,-33968.000000,33968.000000
b2b,2022-08-01,high,partial,1,large_delta,"Variable costs, Fixed costs, Net profit",Revenue=google_sheets_monthly_economics_historical,25476.000000,0,0,0,25476.000000,-25476.000000,25476.000000
b2b,2022-09-01,high,partial,1,large_delta,"Variable costs, Fixed costs, Net profit",Revenue=google_sheets_monthly_economics_historical,98237.000000,0,0,0,98237.000000,-98237.000000,98237.000000
b2b,2022-11-01,high,partial,1,large_delta,"Variable costs, Fixed costs, Net profit",Revenue=google_sheets_monthly_economics_historical,154850.000000,0,0,0,154850.000000,-154850.000000,154850.000000
b2b,2022-12-01,high,partial,1,large_delta,"Variable costs, Fixed costs, Net profit",Revenue=google_sheets_monthly_economics_historical,125800.000000,0,0,0,125800.000000,-125800.000000,125800.000000
b2b,2023-03-01,high,partial,2,missing_required_metric,"Variable costs, Fixed costs",Revenue=google_sheets_monthly_economics_historical; Net profit=google_sheets_monthly_economics_historical,165000.000000,0,0,80350.000000,165000.000000,-84650.000000,84650.000000
b2b,2023-04-01,high,partial,2,missing_required_metric,"Variable costs, Fixed costs",Revenue=google_sheets_monthly_economics_historical; Net profit=google_sheets_monthly_economics_historical,1077825.000000,0,0,-2737.000000,1077825.000000,-1080562.000000,1080562.000000
b2b,2023-06-01,high,partial,1,large_delta,"Variable costs, Fixed costs, Net profit",Revenue=google_sheets_monthly_economics_historical,170720.000000,0,0,0,170720.000000,-170720.000000,170720.000000
b2b,2023-07-01,high,partial,1,large_delta,"Variable costs, Fixed costs, Net profit",Revenue=google_sheets_monthly_economics_historical,96800.000000,0,0,0,96800.000000,-96800.000000,96800.000000
b2b,2023-08-01,high,partial,2,missing_required_metric,"Variable costs, Fixed costs",Revenue=google_sheets_monthly_economics_historical; Net profit=google_sheets_monthly_economics_historical,50000.000000,0,0,34100.000000,50000.000000,-15900.000000,15900.000000
b2b,2023-09-01,high,partial,2,missing_required_metric,"Variable costs, Fixed costs",Revenue=google_sheets_monthly_economics_historical; Net profit=google_sheets_monthly_economics_historical,420600.000000,0,0,193100.000000,420600.000000,-227500.000000,227500.000000
b2b,2023-10-01,high,partial,2,missing_required_metric,"Variable costs, Fixed costs",Revenue=google_sheets_monthly_economics_historical; Net profit=google_sheets_monthly_economics_historical,1277000.000000,0,0,202050.000000,1277000.000000,-1074950.000000,1074950.000000
b2b,2023-11-01,high,partial,2,missing_required_metric,"Variable costs, Fixed costs",Revenue=google_sheets_monthly_economics_historical; Net profit=google_sheets_monthly_economics_historical,700000.000000,0,0,211000.000000,700000.000000,-489000.000000,489000.000000
b2b,2023-12-01,high,partial,2,missing_required_metric,"Variable costs, Fixed costs",Revenue=google_sheets_monthly_economics_historical; Net profit=google_sheets_monthly_economics_historical,780000.000000,0,0,172400.000000,780000.000000,-607600.000000,607600.000000
b2b,2024-03-01,high,partial,2,missing_required_metric,"Variable costs, Fixed costs",Revenue=google_sheets_monthly_economics_historical; Net profit=google_sheets_monthly_economics_historical,350000.000000,0,0,96000.000000,350000.000000,-254000.000000,254000.000000
b2b,2024-04-01,high,partial,2,missing_required_metric,"Variable costs, Fixed costs",Revenue=google_sheets_monthly_economics_historical; Net profit=google_sheets_monthly_economics_historical,44000.000000,0,0,10000.000000,44000.000000,-34000.000000,34000.000000
b2b,2024-05-01,high,partial,2,missing_required_metric,"Variable costs, Fixed costs",Revenue=google_sheets_monthly_economics_historical; Net profit=google_sheets_monthly_economics_historical,642000.000000,0,0,230552.000000,642000.000000,-411448.000000,411448.000000
b2b,2024-09-01,high,partial,2,missing_required_metric,"Variable costs, Fixed costs",Revenue=google_sheets_monthly_economics_historical; Net profit=google_sheets_monthly_economics_historical,400000.000000,0,0,229254.000000,400000.000000,-170746.000000,170746.000000
b2b,2024-11-01,high,partial,2,missing_required_metric,"Variable costs, Fixed costs",Revenue=google_sheets_monthly_economics_historical; Net profit=google_sheets_monthly_economics_historical,2305000.000000,0,0,833865.000000,2305000.000000,-1471135.000000,1471135.000000
b2b,2024-12-01,high,partial,2,missing_required_metric,"Variable costs, Fixed costs",Revenue=google_sheets_monthly_economics_historical; Net profit=google_sheets_monthly_economics_historical,11000000.000000,0,0,4036500.000000,11000000.000000,-6963500.000000,6963500.000000
b2b,2025-01-01,high,partial,2,missing_required_metric,"Variable costs, Fixed costs",Revenue=google_sheets_monthly_economics_historical; Net profit=google_sheets_monthly_economics_historical,800000.000000,0,0,378350.000000,800000.000000,-421650.000000,421650.000000
b2b,2025-03-01,high,partial,2,missing_required_metric,"Variable costs, Fixed costs",Revenue=google_sheets_monthly_economics_historical; Net profit=google_sheets_monthly_economics_historical,3394308.000000,0,0,1597231.000000,3394308.000000,-1797077.000000,1797077.000000
b2b,2025-04-01,high,partial,1,large_delta,"Variable costs, Fixed costs, Net profit",Revenue=google_sheets_monthly_economics_historical,1411300.000000,0,0,0,1411300.000000,-1411300.000000,1411300.000000
b2b,2025-05-01,high,partial,1,large_delta,"Variable costs, Fixed costs, Net profit",Revenue=google_sheets_monthly_economics_historical,3329180.000000,0,0,0,3329180.000000,-3329180.000000,3329180.000000
b2b,2025-06-01,high,partial,1,large_delta,"Variable costs, Fixed costs, Net profit",Revenue=google_sheets_monthly_economics_historical,1477000.000000,0,0,0,1477000.000000,-1477000.000000,1477000.000000
b2b,2025-08-01,high,complete,4,large_delta,,Revenue=planfact; Variable costs=planfact; Fixed costs=planfact; Net profit=planfact,0.000000,198085.000000,27840.000000,-265897.000000,-225925.000000,-39972.000000,39972.000000
b2b,2025-09-01,high,complete,4,large_delta,,Revenue=planfact; Variable costs=planfact; Fixed costs=planfact; Net profit=planfact,1268125.000000,879636.000000,264317.000000,-5920.000000,124172.000000,-130092.000000,130092.000000
b2b,2026-01-01,high,complete,4,large_delta,,Revenue=planfact; Variable costs=planfact; Fixed costs=planfact; Net profit=planfact,2529787.000000,2097182.000000,415098.000000,-144611.000000,17507.000000,-162118.000000,162118.000000
b2c_moscow,2020-01-01,high,partial,1,large_delta,"Variable costs, Fixed costs, Net profit",Revenue=google_sheets_monthly_economics_historical,1878300.000000,0,0,0,1878300.000000,-1878300.000000,1878300.000000
b2c_moscow,2020-02-01,high,partial,1,large_delta,"Variable costs, Fixed costs, Net profit",Revenue=google_sheets_monthly_economics_historical,1612100.000000,0,0,0,1612100.000000,-1612100.000000,1612100.000000
b2c_moscow,2020-03-01,high,partial,1,large_delta,"Variable costs, Fixed costs, Net profit",Revenue=google_sheets_monthly_economics_historical,1018700.000000,0,0,0,1018700.000000,-1018700.000000,1018700.000000
b2c_moscow,2020-04-01,high,partial,1,large_delta,"Variable costs, Fixed costs, Net profit",Revenue=google_sheets_monthly_economics_historical,271730.000000,0,0,0,271730.000000,-271730.000000,271730.000000
b2c_moscow,2020-05-01,high,partial,1,large_delta,"Variable costs, Fixed costs, Net profit",Revenue=google_sheets_monthly_economics_historical,296105.000000,0,0,0,296105.000000,-296105.000000,296105.000000
b2c_moscow,2020-06-01,high,partial,1,large_delta,"Variable costs, Fixed costs, Net profit",Revenue=google_sheets_monthly_economics_historical,200096.000000,0,0,0,200096.000000,-200096.000000,200096.000000
b2c_moscow,2020-07-01,high,partial,1,large_delta,"Variable costs, Fixed costs, Net profit",Revenue=google_sheets_monthly_economics_historical,484692.000000,0,0,0,484692.000000,-484692.000000,484692.000000
b2c_moscow,2020-08-01,high,partial,1,large_delta,"Variable costs, Fixed costs, Net profit",Revenue=google_sheets_monthly_economics_historical,529859.000000,0,0,0,529859.000000,-529859.000000,529859.000000
b2c_moscow,2020-09-01,high,partial,1,large_delta,"Variable costs, Fixed costs, Net profit",Revenue=google_sheets_monthly_economics_historical,714880.000000,0,0,0,714880.000000,-714880.000000,714880.000000
b2c_moscow,2020-10-01,high,partial,1,large_delta,"Variable costs, Fixed costs, Net profit",Revenue=google_sheets_monthly_economics_historical,829258.000000,0,0,0,829258.000000,-829258.000000,829258.000000
b2c_moscow,2020-11-01,high,partial,1,large_delta,"Variable costs, Fixed costs, Net profit",Revenue=google_sheets_monthly_economics_historical,653482.000000,0,0,0,653482.000000,-653482.000000,653482.000000
b2c_moscow,2020-12-01,high,partial,1,large_delta,"Variable costs, Fixed costs, Net profit",Revenue=google_sheets_monthly_economics_historical,924687.000000,0,0,0,924687.000000,-924687.000000,924687.000000
b2c_moscow,2021-01-01,high,partial,1,large_delta,"Variable costs, Fixed costs, Net profit",Revenue=google_sheets_monthly_economics_historical,866084.000000,0,0,0,866084.000000,-866084.000000,866084.000000
b2c_moscow,2021-02-01,high,partial,1,large_delta,"Variable costs, Fixed costs, Net profit",Revenue=google_sheets_monthly_economics_historical,1102833.000000,0,0,0,1102833.000000,-1102833.000000,1102833.000000
b2c_moscow,2021-03-01,high,partial,1,large_delta,"Variable costs, Fixed costs, Net profit",Revenue=google_sheets_monthly_economics_historical,1486330.000000,0,0,0,1486330.000000,-1486330.000000,1486330.000000
b2c_moscow,2021-04-01,high,partial,1,large_delta,"Variable costs, Fixed costs, Net profit",Revenue=google_sheets_monthly_economics_historical,985110.000000,0,0,0,985110.000000,-985110.000000,985110.000000
b2c_moscow,2021-05-01,high,partial,1,large_delta,"Variable costs, Fixed costs, Net profit",Revenue=google_sheets_monthly_economics_historical,1001832.000000,0,0,0,1001832.000000,-1001832.000000,1001832.000000
b2c_moscow,2021-06-01,high,partial,1,large_delta,"Variable costs, Fixed costs, Net profit",Revenue=google_sheets_monthly_economics_historical,677252.000000,0,0,0,677252.000000,-677252.000000,677252.000000
b2c_moscow,2021-07-01,high,partial,1,large_delta,"Variable costs, Fixed costs, Net profit",Revenue=google_sheets_monthly_economics_historical,700485.000000,0,0,0,700485.000000,-700485.000000,700485.000000
b2c_moscow,2021-08-01,high,partial,1,large_delta,"Variable costs, Fixed costs, Net profit",Revenue=google_sheets_monthly_economics_historical,1252500.000000,0,0,0,1252500.000000,-1252500.000000,1252500.000000
b2c_moscow,2021-09-01,high,partial,1,large_delta,"Variable costs, Fixed costs, Net profit",Revenue=google_sheets_monthly_economics_historical,1154690.000000,0,0,0,1154690.000000,-1154690.000000,1154690.000000
b2c_moscow,2021-10-01,high,partial,1,large_delta,"Variable costs, Fixed costs, Net profit",Revenue=google_sheets_monthly_economics_historical,1357192.000000,0,0,0,1357192.000000,-1357192.000000,1357192.000000
b2c_moscow,2021-11-01,high,partial,1,large_delta,"Variable costs, Fixed costs, Net profit",Revenue=google_sheets_monthly_economics_historical,1115523.000000,0,0,0,1115523.000000,-1115523.000000,1115523.000000
b2c_moscow,2021-12-01,high,partial,1,large_delta,"Variable costs, Fixed costs, Net profit",Revenue=google_sheets_monthly_economics_historical,1323910.000000,0,0,0,1323910.000000,-1323910.000000,1323910.000000
b2c_moscow,2022-01-01,high,partial,1,large_delta,"Variable costs, Fixed costs, Net profit",Revenue=google_sheets_monthly_economics_historical,1853459.000000,0,0,0,1853459.000000,-1853459.000000,1853459.000000
b2c_moscow,2022-02-01,high,partial,2,missing_required_metric,"Variable costs, Fixed costs",Revenue=google_sheets_monthly_economics_historical; Net profit=google_sheets_monthly_economics_historical,2004782.000000,0,0,180000.000000,2004782.000000,-1824782.000000,1824782.000000
b2c_moscow,2022-03-01,high,partial,2,missing_required_metric,"Variable costs, Fixed costs",Revenue=google_sheets_monthly_economics_historical; Net profit=google_sheets_monthly_economics_historical,1649245.000000,0,0,360000.000000,1649245.000000,-1289245.000000,1289245.000000
b2c_moscow,2022-04-01,high,partial,2,missing_required_metric,"Variable costs, Fixed costs",Revenue=google_sheets_monthly_economics_historical; Net profit=google_sheets_monthly_economics_historical,1534678.000000,0,0,270000.000000,1534678.000000,-1264678.000000,1264678.000000
b2c_moscow,2022-05-01,high,partial,1,large_delta,"Variable costs, Fixed costs, Net profit",Revenue=google_sheets_monthly_economics_historical,1398727.000000,0,0,0,1398727.000000,-1398727.000000,1398727.000000
b2c_moscow,2022-06-01,high,partial,2,missing_required_metric,"Variable costs, Fixed costs",Revenue=google_sheets_monthly_economics_historical; Net profit=google_sheets_monthly_economics_historical,1499887.000000,0,0,330000.000000,1499887.000000,-1169887.000000,1169887.000000
b2c_moscow,2022-07-01,high,partial,2,missing_required_metric,"Variable costs, Fixed costs",Revenue=google_sheets_monthly_economics_historical; Net profit=google_sheets_monthly_economics_historical,1580422.000000,0,0,198500.000000,1580422.000000,-1381922.000000,1381922.000000
b2c_moscow,2022-08-01,high,partial,2,missing_required_metric,"Variable costs, Fixed costs",Revenue=google_sheets_monthly_economics_historical; Net profit=google_sheets_monthly_economics_historical,1593330.000000,0,0,240000.000000,1593330.000000,-1353330.000000,1353330.000000
b2c_moscow,2022-09-01,high,partial,2,missing_required_metric,"Variable costs, Fixed costs",Revenue=google_sheets_monthly_economics_historical; Net profit=google_sheets_monthly_economics_historical,1620780.000000,0,0,430000.000000,1620780.000000,-1190780.000000,1190780.000000
b2c_moscow,2022-10-01,high,partial,2,missing_required_metric,"Variable costs, Fixed costs",Revenue=google_sheets_monthly_economics_historical; Net profit=google_sheets_monthly_economics_historical,1499660.000000,0,0,314893.000000,1499660.000000,-1184767.000000,1184767.000000
b2c_moscow,2022-11-01,high,partial,2,missing_required_metric,"Variable costs, Fixed costs",Revenue=google_sheets_monthly_economics_historical; Net profit=google_sheets_monthly_economics_historical,1762210.000000,0,0,251685.000000,1762210.000000,-1510525.000000,1510525.000000
b2c_moscow,2022-12-01,high,partial,2,missing_required_metric,"Variable costs, Fixed costs",Revenue=google_sheets_monthly_economics_historical; Net profit=google_sheets_monthly_economics_historical,1789200.000000,0,0,770000.000000,1789200.000000,-1019200.000000,1019200.000000
b2c_moscow,2023-01-01,high,partial,2,missing_required_metric,"Variable costs, Fixed costs",Revenue=google_sheets_monthly_economics_historical; Net profit=google_sheets_monthly_economics_historical,2260012.000000,0,0,736744.000000,2260012.000000,-1523268.000000,1523268.000000
b2c_moscow,2023-02-01,high,partial,2,missing_required_metric,"Variable costs, Fixed costs",Revenue=google_sheets_monthly_economics_historical; Net profit=google_sheets_monthly_economics_historical,2145130.000000,0,0,594688.000000,2145130.000000,-1550442.000000,1550442.000000
b2c_moscow,2023-03-01,high,partial,2,missing_required_metric,"Variable costs, Fixed costs",Revenue=google_sheets_monthly_economics_historical; Net profit=google_sheets_monthly_economics_historical,2570456.000000,0,0,1020644.000000,2570456.000000,-1549812.000000,1549812.000000
b2c_moscow,2023-04-01,high,partial,2,missing_required_metric,"Variable costs, Fixed costs",Revenue=google_sheets_monthly_economics_historical; Net profit=google_sheets_monthly_economics_historical,1686047.000000,0,0,704321.000000,1686047.000000,-981726.000000,981726.000000
b2c_moscow,2023-05-01,high,partial,2,missing_required_metric,"Variable costs, Fixed costs",Revenue=google_sheets_monthly_economics_historical; Net profit=google_sheets_monthly_economics_historical,1586335.000000,0,0,379852.000000,1586335.000000,-1206483.000000,1206483.000000
b2c_moscow,2023-06-01,high,partial,2,missing_required_metric,"Variable costs, Fixed costs",Revenue=google_sheets_monthly_economics_historical; Net profit=google_sheets_monthly_economics_historical,1515873.000000,0,0,591126.000000,1515873.000000,-924747.000000,924747.000000
b2c_moscow,2023-07-01,high,partial,2,missing_required_metric,"Variable costs, Fixed costs",Revenue=google_sheets_monthly_economics_historical; Net profit=google_sheets_monthly_economics_historical,1865975.000000,0,0,909327.000000,1865975.000000,-956648.000000,956648.000000
b2c_moscow,2023-08-01,high,partial,2,missing_required_metric,"Variable costs, Fixed costs",Revenue=google_sheets_monthly_economics_historical; Net profit=google_sheets_monthly_economics_historical,1945772.000000,0,0,853310.000000,1945772.000000,-1092462.000000,1092462.000000
b2c_moscow,2023-09-01,high,partial,2,missing_required_metric,"Variable costs, Fixed costs",Revenue=google_sheets_monthly_economics_historical; Net profit=google_sheets_monthly_economics_historical,2115573.000000,0,0,832025.000000,2115573.000000,-1283548.000000,1283548.000000
b2c_moscow,2023-10-01,high,partial,2,missing_required_metric,"Variable costs, Fixed costs",Revenue=google_sheets_monthly_economics_historical; Net profit=google_sheets_monthly_economics_historical,2454120.000000,0,0,826369.000000,2454120.000000,-1627751.000000,1627751.000000
b2c_moscow,2023-11-01,high,partial,2,missing_required_metric,"Variable costs, Fixed costs",Revenue=google_sheets_monthly_economics_historical; Net profit=google_sheets_monthly_economics_historical,2826725.000000,0,0,1053144.000000,2826725.000000,-1773581.000000,1773581.000000
b2c_moscow,2023-12-01,high,partial,2,missing_required_metric,"Variable costs, Fixed costs",Revenue=google_sheets_monthly_economics_historical; Net profit=google_sheets_monthly_economics_historical,2798563.000000,0,0,989872.000000,2798563.000000,-1808691.000000,1808691.000000
b2c_moscow,2024-01-01,high,partial,2,missing_required_metric,"Variable costs, Fixed costs",Revenue=google_sheets_monthly_economics_historical; Net profit=google_sheets_monthly_economics_historical,3716825.000000,0,0,1714683.000000,3716825.000000,-2002142.000000,2002142.000000
b2c_moscow,2024-02-01,high,partial,2,missing_required_metric,"Variable costs, Fixed costs",Revenue=google_sheets_monthly_economics_historical; Net profit=google_sheets_monthly_economics_historical,3987569.000000,0,0,1605998.000000,3987569.000000,-2381571.000000,2381571.000000
b2c_moscow,2024-03-01,high,partial,2,missing_required_metric,"Variable costs, Fixed costs",Revenue=google_sheets_monthly_economics_historical; Net profit=google_sheets_monthly_economics_historical,3257652.000000,0,0,1080944.000000,3257652.000000,-2176708.000000,2176708.000000
b2c_moscow,2024-04-01,high,partial,2,missing_required_metric,"Variable costs, Fixed costs",Revenue=google_sheets_monthly_economics_historical; Net profit=google_sheets_monthly_economics_historical,2549570.000000,0,0,787123.000000,2549570.000000,-1762447.000000,1762447.000000
b2c_moscow,2024-05-01,high,partial,2,missing_required_metric,"Variable costs, Fixed costs",Revenue=google_sheets_monthly_economics_historical; Net profit=google_sheets_monthly_economics_historical,2406833.000000,0,0,508161.000000,2406833.000000,-1898672.000000,1898672.000000
b2c_moscow,2024-06-01,high,partial,2,missing_required_metric,"Variable costs, Fixed costs",Revenue=google_sheets_monthly_economics_historical; Net profit=google_sheets_monthly_economics_historical,2951243.000000,0,0,1214399.000000,2951243.000000,-1736844.000000,1736844.000000
b2c_moscow,2024-07-01,high,partial,2,missing_required_metric,"Variable costs, Fixed costs",Revenue=google_sheets_monthly_economics_historical; Net profit=google_sheets_monthly_economics_historical,3334519.000000,0,0,616092.000000,3334519.000000,-2718427.000000,2718427.000000
b2c_moscow,2024-08-01,high,partial,2,missing_required_metric,"Variable costs, Fixed costs",Revenue=google_sheets_monthly_economics_historical; Net profit=google_sheets_monthly_economics_historical,3640002.000000,0,0,673896.000000,3640002.000000,-2966106.000000,2966106.000000
b2c_moscow,2024-09-01,high,partial,2,missing_required_metric,"Variable costs, Fixed costs",Revenue=google_sheets_monthly_economics_historical; Net profit=google_sheets_monthly_economics_historical,2947993.000000,0,0,413332.000000,2947993.000000,-2534661.000000,2534661.000000
b2c_moscow,2024-10-01,high,partial,2,missing_required_metric,"Variable costs, Fixed costs",Revenue=google_sheets_monthly_economics_historical; Net profit=google_sheets_monthly_economics_historical,3679324.000000,0,0,1179394.000000,3679324.000000,-2499930.000000,2499930.000000
b2c_moscow,2024-11-01,high,partial,2,missing_required_metric,"Variable costs, Fixed costs",Revenue=google_sheets_monthly_economics_historical; Net profit=google_sheets_monthly_economics_historical,3765941.000000,0,0,1104012.000000,3765941.000000,-2661929.000000,2661929.000000
b2c_moscow,2024-12-01,high,partial,2,missing_required_metric,"Variable costs, Fixed costs",Revenue=google_sheets_monthly_economics_historical; Net profit=google_sheets_monthly_economics_historical,3471340.000000,0,0,1175106.000000,3471340.000000,-2296234.000000,2296234.000000
b2c_moscow,2025-01-01,high,partial,2,missing_required_metric,"Variable costs, Fixed costs",Revenue=google_sheets_monthly_economics_historical; Net profit=google_sheets_monthly_economics_historical,4176507.000000,0,0,1693041.000000,4176507.000000,-2483466.000000,2483466.000000
b2c_moscow,2025-02-01,high,partial,2,missing_required_metric,"Variable costs, Fixed costs",Revenue=google_sheets_monthly_economics_historical; Net profit=google_sheets_monthly_economics_historical,3238501.000000,0,0,988903.000000,3238501.000000,-2249598.000000,2249598.000000
b2c_moscow,2025-03-01,high,partial,2,missing_required_metric,"Variable costs, Fixed costs",Revenue=google_sheets_monthly_economics_historical; Net profit=google_sheets_monthly_economics_historical,3388202.000000,0,0,950725.000000,3388202.000000,-2437477.000000,2437477.000000
b2c_moscow,2025-04-01,high,partial,3,missing_required_metric,Net profit,Revenue=google_sheets_monthly_economics_historical; Variable costs=google_sheets_monthly_economics_historical; Fixed costs=google_sheets_monthly_economics_historical,2756139.000000,2939058.140000,1118588.300000,0,-1301507.440000,1301507.440000,1301507.440000
b2c_moscow,2025-05-01,high,partial,3,missing_required_metric,Net profit,Revenue=google_sheets_monthly_economics_historical; Variable costs=google_sheets_monthly_economics_historical; Fixed costs=google_sheets_monthly_economics_historical,3335199.000000,4221359.020000,1244780.630000,0,-2130940.650000,2130940.650000,2130940.650000
b2c_moscow,2025-06-01,high,partial,3,missing_required_metric,Net profit,Revenue=google_sheets_monthly_economics_historical; Variable costs=google_sheets_monthly_economics_historical; Fixed costs=google_sheets_monthly_economics_historical,3503485.000000,4112268.040000,1463198.000000,0,-2071981.040000,2071981.040000,2071981.040000
b2c_moscow,2026-01-01,high,complete,4,large_delta,,Revenue=planfact; Variable costs=planfact; Fixed costs=planfact; Net profit=planfact,7033673.000000,3548693.000000,1340293.000000,1537137.000000,2144687.000000,-607550.000000,607550.000000
b2c_moscow,2026-02-01,high,complete,4,large_delta,,Revenue=planfact; Variable costs=planfact; Fixed costs=planfact; Net profit=planfact,6117411.000000,2005338.000000,1513116.000000,2017595.000000,2598957.000000,-581362.000000,581362.000000
b2c_moscow,2026-03-01,high,complete,4,large_delta,,Revenue=planfact; Variable costs=planfact; Fixed costs=planfact; Net profit=planfact,6231067.000000,2456309.000000,1650711.000000,1656427.000000,2124047.000000,-467620.000000,467620.000000
b2c_spb,2024-05-01,high,complete,4,large_delta,,Revenue=google_sheets_monthly_economics_historical; Variable costs=google_sheets_monthly_economics_historical; Fixed costs=google_sheets_monthly_economics_historical; Net profit=google_sheets_monthly_economics_historical,192170.000000,131236.000000,318204.000000,-320883.000000,-257270.000000,-63613.000000,63613.000000
b2c_spb,2024-06-01,high,complete,4,large_delta,,Revenue=google_sheets_monthly_economics_historical; Variable costs=google_sheets_monthly_economics_historical; Fixed costs=google_sheets_monthly_economics_historical; Net profit=google_sheets_monthly_economics_historical,1354191.000000,526016.000000,341033.000000,410317.000000,487142.000000,-76825.000000,76825.000000
b2c_spb,2024-07-01,high,complete,4,large_delta,,Revenue=google_sheets_monthly_economics_historical; Variable costs=google_sheets_monthly_economics_historical; Fixed costs=google_sheets_monthly_economics_historical; Net profit=google_sheets_monthly_economics_historical,1730144.000000,730955.000000,425536.000000,352219.000000,573653.000000,-221434.000000,221434.000000
b2c_spb,2024-08-01,high,complete,4,large_delta,,Revenue=google_sheets_monthly_economics_historical; Variable costs=google_sheets_monthly_economics_historical; Fixed costs=google_sheets_monthly_economics_historical; Net profit=google_sheets_monthly_economics_historical,2237143.000000,1030634.000000,678202.000000,363133.000000,528307.000000,-165174.000000,165174.000000
b2c_spb,2024-09-01,high,complete,4,large_delta,,Revenue=google_sheets_monthly_economics_historical; Variable costs=google_sheets_monthly_economics_historical; Fixed costs=google_sheets_monthly_economics_historical; Net profit=google_sheets_monthly_economics_historical,1634971.000000,893932.000000,525618.000000,131245.000000,215421.000000,-84176.000000,84176.000000
b2c_spb,2024-10-01,high,complete,4,large_delta,,Revenue=google_sheets_monthly_economics_historical; Variable costs=google_sheets_monthly_economics_historical; Fixed costs=google_sheets_monthly_economics_historical; Net profit=google_sheets_monthly_economics_historical,1638903.000000,836122.000000,478535.000000,194417.000000,324246.000000,-129829.000000,129829.000000
b2c_spb,2024-11-01,high,complete,4,large_delta,,Revenue=google_sheets_monthly_economics_historical; Variable costs=google_sheets_monthly_economics_historical; Fixed costs=google_sheets_monthly_economics_historical; Net profit=google_sheets_monthly_economics_historical,2074988.000000,946751.000000,604100.000000,390366.000000,524137.000000,-133771.000000,133771.000000
b2c_spb,2025-01-01,high,complete,4,large_delta,,Revenue=google_sheets_monthly_economics_historical; Variable costs=google_sheets_monthly_economics_historical; Fixed costs=google_sheets_monthly_economics_historical; Net profit=google_sheets_monthly_economics_historical,2537698.000000,1110777.000000,759278.000000,521562.000000,667643.000000,-146081.000000,146081.000000
b2c_spb,2025-02-01,high,complete,4,large_delta,,Revenue=google_sheets_monthly_economics_historical; Variable costs=google_sheets_monthly_economics_historical; Fixed costs=google_sheets_monthly_economics_historical; Net profit=google_sheets_monthly_economics_historical,2225622.000000,999806.000000,587661.000000,489697.000000,638155.000000,-148458.000000,148458.000000
b2c_spb,2025-03-01,high,complete,4,large_delta,,Revenue=google_sheets_monthly_economics_historical; Variable costs=google_sheets_monthly_economics_historical; Fixed costs=google_sheets_monthly_economics_historical; Net profit=google_sheets_monthly_economics_historical,2408319.000000,1463694.000000,607771.000000,545751.000000,336854.000000,208897.000000,208897.000000
b2c_spb,2025-04-01,high,partial,3,missing_required_metric,Net profit,Revenue=google_sheets_monthly_economics_historical; Variable costs=google_sheets_monthly_economics_historical; Fixed costs=google_sheets_monthly_economics_historical,1783105.000000,970576.760000,714943.120000,0,97585.120000,-97585.120000,97585.120000
b2c_spb,2025-05-01,high,partial,3,missing_required_metric,Net profit,Revenue=google_sheets_monthly_economics_historical; Variable costs=google_sheets_monthly_economics_historical; Fixed costs=google_sheets_monthly_economics_historical,2022804.000000,1136647.720000,734151.000000,0,152005.280000,-152005.280000,152005.280000
b2c_spb,2025-06-01,high,partial,3,missing_required_metric,Net profit,Revenue=google_sheets_monthly_economics_historical; Variable costs=google_sheets_monthly_economics_historical; Fixed costs=google_sheets_monthly_economics_historical,2330358.000000,1267259.130000,607267.240000,0,455831.630000,-455831.630000,455831.630000
b2c_spb,2026-01-01,high,complete,4,large_delta,,Revenue=planfact; Variable costs=planfact; Fixed costs=planfact; Net profit=planfact,3541850.000000,1620422.000000,628138.000000,1053838.000000,1293290.000000,-239452.000000,239452.000000
b2c_spb,2026-02-01,high,complete,4,large_delta,,Revenue=planfact; Variable costs=planfact; Fixed costs=planfact; Net profit=planfact,3397907.000000,1275468.000000,609363.000000,1263308.000000,1513076.000000,-249768.000000,249768.000000
b2c_spb,2026-03-01,high,complete,4,large_delta,,Revenue=planfact; Variable costs=planfact; Fixed costs=planfact; Net profit=planfact,2598140.000000,1481248.000000,725969.000000,194799.000000,390923.000000,-196124.000000,196124.000000
franchise,2021-10-01,high,partial,1,large_delta,"Variable costs, Fixed costs, Net profit",Revenue=google_sheets_monthly_economics_historical,50000.000000,0,0,0,50000.000000,-50000.000000,50000.000000
franchise,2021-12-01,high,partial,1,large_delta,"Variable costs, Fixed costs, Net profit",Revenue=google_sheets_monthly_economics_historical,30000.000000,0,0,0,30000.000000,-30000.000000,30000.000000
franchise,2022-02-01,high,partial,1,large_delta,"Variable costs, Fixed costs, Net profit",Revenue=google_sheets_monthly_economics_historical,180000.000000,0,0,0,180000.000000,-180000.000000,180000.000000
franchise,2022-10-01,high,partial,1,large_delta,"Variable costs, Fixed costs, Net profit",Revenue=google_sheets_monthly_economics_historical,100000.000000,0,0,0,100000.000000,-100000.000000,100000.000000
franchise,2023-01-01,high,partial,2,missing_required_metric,"Variable costs, Fixed costs",Revenue=google_sheets_monthly_economics_historical; Net profit=google_sheets_monthly_economics_historical,1117727.000000,0,0,905359.000000,1117727.000000,-212368.000000,212368.000000
franchise,2023-02-01,high,partial,2,missing_required_metric,"Variable costs, Fixed costs",Revenue=google_sheets_monthly_economics_historical; Net profit=google_sheets_monthly_economics_historical,250000.000000,0,0,250000.000000,250000.000000,0.000000,0.000000
franchise,2023-03-01,high,partial,2,missing_required_metric,"Variable costs, Fixed costs",Revenue=google_sheets_monthly_economics_historical; Net profit=google_sheets_monthly_economics_historical,10000.000000,0,0,-19060.000000,10000.000000,-29060.000000,29060.000000
franchise,2023-04-01,high,partial,2,missing_required_metric,"Variable costs, Fixed costs",Revenue=google_sheets_monthly_economics_historical; Net profit=google_sheets_monthly_economics_historical,10000.000000,0,0,-58036.000000,10000.000000,-68036.000000,68036.000000
franchise,2023-05-01,high,partial,2,missing_required_metric,"Variable costs, Fixed costs",Revenue=google_sheets_monthly_economics_historical; Net profit=google_sheets_monthly_economics_historical,1190000.000000,0,0,957200.000000,1190000.000000,-232800.000000,232800.000000
franchise,2023-06-01,high,partial,1,large_delta,"Revenue, Variable costs, Fixed costs",Net profit=google_sheets_monthly_economics_historical,0,0,0,-51425.000000,0,-51425.000000,51425.000000
franchise,2023-07-01,high,partial,1,large_delta,"Revenue, Variable costs, Fixed costs",Net profit=google_sheets_monthly_economics_historical,0,0,0,-10001.000000,0,-10001.000000,10001.000000
franchise,2023-08-01,high,partial,2,missing_required_metric,"Variable costs, Fixed costs",Revenue=google_sheets_monthly_economics_historical; Net profit=google_sheets_monthly_economics_historical,10000.000000,0,0,4000.000000,10000.000000,-6000.000000,6000.000000
franchise,2023-09-01,high,partial,2,missing_required_metric,"Variable costs, Fixed costs",Revenue=google_sheets_monthly_economics_historical; Net profit=google_sheets_monthly_economics_historical,334544.000000,0,0,167272.000000,334544.000000,-167272.000000,167272.000000
franchise,2023-10-01,high,partial,2,missing_required_metric,"Variable costs, Fixed costs",Revenue=google_sheets_monthly_economics_historical; Net profit=google_sheets_monthly_economics_historical,10000.000000,0,0,996795.000000,10000.000000,986795.000000,986795.000000
franchise,2023-11-01,high,partial,2,missing_required_metric,"Variable costs, Fixed costs",Revenue=google_sheets_monthly_economics_historical; Net profit=google_sheets_monthly_economics_historical,10000.000000,0,0,-48851.000000,10000.000000,-58851.000000,58851.000000
franchise,2023-12-01,high,partial,2,missing_required_metric,"Variable costs, Fixed costs",Revenue=google_sheets_monthly_economics_historical; Net profit=google_sheets_monthly_economics_historical,10000.000000,0,0,-6570.000000,10000.000000,-16570.000000,16570.000000
franchise,2024-01-01,high,partial,1,large_delta,"Revenue, Variable costs, Fixed costs",Net profit=google_sheets_monthly_economics_historical,0,0,0,-15000.000000,0,-15000.000000,15000.000000
franchise,2024-03-01,high,partial,1,large_delta,"Revenue, Variable costs, Fixed costs",Net profit=google_sheets_monthly_economics_historical,0,0,0,-20000.000000,0,-20000.000000,20000.000000
franchise,2024-06-01,high,partial,2,missing_required_metric,"Variable costs, Fixed costs",Revenue=google_sheets_monthly_economics_historical; Net profit=google_sheets_monthly_economics_historical,90000.000000,0,0,48150.000000,90000.000000,-41850.000000,41850.000000
franchise,2024-09-01,high,partial,2,missing_required_metric,"Variable costs, Fixed costs",Revenue=google_sheets_monthly_economics_historical; Net profit=google_sheets_monthly_economics_historical,90000.000000,0,0,13696.000000,90000.000000,-76304.000000,76304.000000
franchise,2024-10-01,high,partial,2,missing_required_metric,"Variable costs, Fixed costs",Revenue=google_sheets_monthly_economics_historical; Net profit=google_sheets_monthly_economics_historical,210000.000000,0,0,112350.000000,210000.000000,-97650.000000,97650.000000
franchise,2024-11-01,high,partial,2,missing_required_metric,"Variable costs, Fixed costs",Revenue=google_sheets_monthly_economics_historical; Net profit=google_sheets_monthly_economics_historical,400000.000000,0,0,185724.000000,400000.000000,-214276.000000,214276.000000
franchise,2024-12-01,high,partial,2,missing_required_metric,"Variable costs, Fixed costs",Revenue=google_sheets_monthly_economics_historical; Net profit=google_sheets_monthly_economics_historical,2185455.000000,0,0,2035063.000000,2185455.000000,-150392.000000,150392.000000
franchise,2025-03-01,high,partial,2,missing_required_metric,"Variable costs, Fixed costs",Revenue=google_sheets_monthly_economics_historical; Net profit=google_sheets_monthly_economics_historical,200000.000000,0,0,107000.000000,200000.000000,-93000.000000,93000.000000
franchise,2025-06-01,high,partial,1,large_delta,"Variable costs, Fixed costs, Net profit",Revenue=google_sheets_monthly_economics_historical,224000.000000,0,0,0,224000.000000,-224000.000000,224000.000000
general,2020-01-01,high,partial,3,missing_required_metric,Revenue,Variable costs=google_sheets_monthly_economics_historical; Fixed costs=google_sheets_monthly_economics_historical; Net profit=google_sheets_monthly_economics_historical,0,361000.000000,152300.000000,1205000.000000,-513300.000000,1718300.000000,1718300.000000
general,2020-02-01,high,partial,3,missing_required_metric,Revenue,Variable costs=google_sheets_monthly_economics_historical; Fixed costs=google_sheets_monthly_economics_historical; Net profit=google_sheets_monthly_economics_historical,0,318000.000000,238500.000000,878100.000000,-556500.000000,1434600.000000,1434600.000000
general,2020-03-01,high,partial,3,missing_required_metric,Revenue,Variable costs=google_sheets_monthly_economics_historical; Fixed costs=google_sheets_monthly_economics_historical; Net profit=google_sheets_monthly_economics_historical,0,228000.000000,215500.000000,378700.000000,-443500.000000,822200.000000,822200.000000
general,2020-04-01,high,partial,3,missing_required_metric,Revenue,Variable costs=google_sheets_monthly_economics_historical; Fixed costs=google_sheets_monthly_economics_historical; Net profit=google_sheets_monthly_economics_historical,0,115100.000000,209628.000000,-196872.000000,-324728.000000,127856.000000,127856.000000
general,2020-05-01,high,partial,3,missing_required_metric,Revenue,Variable costs=google_sheets_monthly_economics_historical; Fixed costs=google_sheets_monthly_economics_historical; Net profit=google_sheets_monthly_economics_historical,0,123400.000000,203769.000000,-171142.000000,-327169.000000,156027.000000,156027.000000
general,2020-06-01,high,partial,3,missing_required_metric,Revenue,Variable costs=google_sheets_monthly_economics_historical; Fixed costs=google_sheets_monthly_economics_historical; Net profit=google_sheets_monthly_economics_historical,0,68100.000000,255749.000000,-231665.000000,-323849.000000,92184.000000,92184.000000
general,2020-07-01,high,partial,3,missing_required_metric,Revenue,Variable costs=google_sheets_monthly_economics_historical; Fixed costs=google_sheets_monthly_economics_historical; Net profit=google_sheets_monthly_economics_historical,0,128500.000000,217610.000000,177839.000000,-346110.000000,523949.000000,523949.000000
general,2020-08-01,high,partial,3,missing_required_metric,Revenue,Variable costs=google_sheets_monthly_economics_historical; Fixed costs=google_sheets_monthly_economics_historical; Net profit=google_sheets_monthly_economics_historical,0,143600.000000,225518.000000,95625.000000,-369118.000000,464743.000000,464743.000000
general,2020-09-01,high,partial,3,missing_required_metric,Revenue,Variable costs=google_sheets_monthly_economics_historical; Fixed costs=google_sheets_monthly_economics_historical; Net profit=google_sheets_monthly_economics_historical,0,170100.000000,175968.000000,236041.000000,-346068.000000,582109.000000,582109.000000
general,2020-10-01,high,partial,3,missing_required_metric,Revenue,Variable costs=google_sheets_monthly_economics_historical; Fixed costs=google_sheets_monthly_economics_historical; Net profit=google_sheets_monthly_economics_historical,0,200500.000000,261710.000000,561592.000000,-462210.000000,1023802.000000,1023802.000000
general,2020-11-01,high,partial,3,missing_required_metric,Revenue,Variable costs=google_sheets_monthly_economics_historical; Fixed costs=google_sheets_monthly_economics_historical; Net profit=google_sheets_monthly_economics_historical,0,155000.000000,254500.000000,115186.000000,-409500.000000,524686.000000,524686.000000
general,2020-12-01,high,partial,3,missing_required_metric,Revenue,Variable costs=google_sheets_monthly_economics_historical; Fixed costs=google_sheets_monthly_economics_historical; Net profit=google_sheets_monthly_economics_historical,0,194650.000000,288193.000000,364155.000000,-482843.000000,846998.000000,846998.000000
general,2021-01-01,high,partial,3,missing_required_metric,Revenue,Variable costs=google_sheets_monthly_economics_historical; Fixed costs=google_sheets_monthly_economics_historical; Net profit=google_sheets_monthly_economics_historical,0,290880.000000,240354.000000,254232.000000,-531234.000000,785466.000000,785466.000000
general,2021-02-01,high,partial,3,missing_required_metric,Revenue,Variable costs=google_sheets_monthly_economics_historical; Fixed costs=google_sheets_monthly_economics_historical; Net profit=google_sheets_monthly_economics_historical,0,356233.000000,327074.000000,99282.000000,-683307.000000,782589.000000,782589.000000
general,2021-03-01,high,partial,3,missing_required_metric,Revenue,Variable costs=google_sheets_monthly_economics_historical; Fixed costs=google_sheets_monthly_economics_historical; Net profit=google_sheets_monthly_economics_historical,0,539279.000000,374232.000000,562015.000000,-913511.000000,1475526.000000,1475526.000000
general,2021-04-01,high,partial,3,missing_required_metric,Revenue,Variable costs=google_sheets_monthly_economics_historical; Fixed costs=google_sheets_monthly_economics_historical; Net profit=google_sheets_monthly_economics_historical,0,365198.000000,375699.000000,86259.000000,-740897.000000,827156.000000,827156.000000
general,2021-05-01,high,partial,3,missing_required_metric,Revenue,Variable costs=google_sheets_monthly_economics_historical; Fixed costs=google_sheets_monthly_economics_historical; Net profit=google_sheets_monthly_economics_historical,0,386655.000000,349136.000000,52983.000000,-735791.000000,788774.000000,788774.000000
general,2021-06-01,high,partial,3,missing_required_metric,Revenue,Variable costs=google_sheets_monthly_economics_historical; Fixed costs=google_sheets_monthly_economics_historical; Net profit=google_sheets_monthly_economics_historical,0,295162.000000,332435.000000,19208.000000,-627597.000000,646805.000000,646805.000000
general,2021-07-01,high,partial,3,missing_required_metric,Revenue,Variable costs=google_sheets_monthly_economics_historical; Fixed costs=google_sheets_monthly_economics_historical; Net profit=google_sheets_monthly_economics_historical,0,280648.000000,308784.000000,20587.000000,-589432.000000,610019.000000,610019.000000
general,2021-08-01,high,partial,3,missing_required_metric,Revenue,Variable costs=google_sheets_monthly_economics_historical; Fixed costs=google_sheets_monthly_economics_historical; Net profit=google_sheets_monthly_economics_historical,0,499309.000000,466677.000000,276325.000000,-965986.000000,1242311.000000,1242311.000000
general,2021-09-01,high,partial,3,missing_required_metric,Revenue,Variable costs=google_sheets_monthly_economics_historical; Fixed costs=google_sheets_monthly_economics_historical; Net profit=google_sheets_monthly_economics_historical,0,483441.000000,399154.000000,168995.000000,-882595.000000,1051590.000000,1051590.000000
general,2021-10-01,high,partial,3,missing_required_metric,Revenue,Variable costs=google_sheets_monthly_economics_historical; Fixed costs=google_sheets_monthly_economics_historical; Net profit=google_sheets_monthly_economics_historical,0,557936.000000,383134.000000,378766.000000,-941070.000000,1319836.000000,1319836.000000
general,2021-11-01,high,partial,3,missing_required_metric,Revenue,Variable costs=google_sheets_monthly_economics_historical; Fixed costs=google_sheets_monthly_economics_historical; Net profit=google_sheets_monthly_economics_historical,0,480149.000000,356747.000000,184365.000000,-836896.000000,1021261.000000,1021261.000000
general,2021-12-01,high,partial,3,missing_required_metric,Revenue,Variable costs=google_sheets_monthly_economics_historical; Fixed costs=google_sheets_monthly_economics_historical; Net profit=google_sheets_monthly_economics_historical,0,709977.000000,439818.000000,794256.000000,-1149795.000000,1944051.000000,1944051.000000
general,2022-01-01,high,partial,3,missing_required_metric,Revenue,Variable costs=google_sheets_monthly_economics_historical; Fixed costs=google_sheets_monthly_economics_historical; Net profit=google_sheets_monthly_economics_historical,0,775757.000000,396570.000000,176624.000000,-1172327.000000,1348951.000000,1348951.000000
general,2022-02-01,high,partial,3,missing_required_metric,Revenue,Variable costs=google_sheets_monthly_economics_historical; Fixed costs=google_sheets_monthly_economics_historical; Net profit=google_sheets_monthly_economics_historical,0,783540.000000,448487.000000,834871.000000,-1232027.000000,2066898.000000,2066898.000000
general,2022-03-01,high,partial,3,missing_required_metric,Revenue,Variable costs=google_sheets_monthly_economics_historical; Fixed costs=google_sheets_monthly_economics_historical; Net profit=google_sheets_monthly_economics_historical,0,668615.000000,443262.000000,545022.000000,-1111877.000000,1656899.000000,1656899.000000
general,2022-04-01,high,partial,3,missing_required_metric,Revenue,Variable costs=google_sheets_monthly_economics_historical; Fixed costs=google_sheets_monthly_economics_historical; Net profit=google_sheets_monthly_economics_historical,0,675261.000000,393528.000000,324039.000000,-1068789.000000,1392828.000000,1392828.000000
general,2022-05-01,high,partial,3,missing_required_metric,Revenue,Variable costs=google_sheets_monthly_economics_historical; Fixed costs=google_sheets_monthly_economics_historical; Net profit=google_sheets_monthly_economics_historical,0,655739.000000,377470.000000,226040.000000,-1033209.000000,1259249.000000,1259249.000000
general,2022-06-01,high,partial,3,missing_required_metric,Revenue,Variable costs=google_sheets_monthly_economics_historical; Fixed costs=google_sheets_monthly_economics_historical; Net profit=google_sheets_monthly_economics_historical,0,648135.000000,438623.000000,359049.000000,-1086758.000000,1445807.000000,1445807.000000
general,2022-07-01,high,partial,3,missing_required_metric,Revenue,Variable costs=google_sheets_monthly_economics_historical; Fixed costs=google_sheets_monthly_economics_historical; Net profit=google_sheets_monthly_economics_historical,0,688530.000000,356156.000000,349905.000000,-1044686.000000,1394591.000000,1394591.000000
general,2022-08-01,high,partial,3,missing_required_metric,Revenue,Variable costs=google_sheets_monthly_economics_historical; Fixed costs=google_sheets_monthly_economics_historical; Net profit=google_sheets_monthly_economics_historical,0,684042.000000,382731.000000,413647.000000,-1066773.000000,1480420.000000,1480420.000000
general,2022-09-01,high,partial,3,missing_required_metric,Revenue,Variable costs=google_sheets_monthly_economics_historical; Fixed costs=google_sheets_monthly_economics_historical; Net profit=google_sheets_monthly_economics_historical,0,806162.000000,393948.000000,491811.000000,-1200110.000000,1691921.000000,1691921.000000
general,2022-10-01,high,partial,3,missing_required_metric,Revenue,Variable costs=google_sheets_monthly_economics_historical; Fixed costs=google_sheets_monthly_economics_historical; Net profit=google_sheets_monthly_economics_historical,0,659371.000000,582793.000000,236399.000000,-1242164.000000,1478563.000000,1478563.000000
general,2022-11-01,high,partial,3,missing_required_metric,Revenue,Variable costs=google_sheets_monthly_economics_historical; Fixed costs=google_sheets_monthly_economics_historical; Net profit=google_sheets_monthly_economics_historical,0,786676.000000,476651.000000,706652.000000,-1263327.000000,1969979.000000,1969979.000000
general,2022-12-01,high,partial,3,missing_required_metric,Revenue,Variable costs=google_sheets_monthly_economics_historical; Fixed costs=google_sheets_monthly_economics_historical; Net profit=google_sheets_monthly_economics_historical,0,1027549.000000,529696.000000,869207.000000,-1557245.000000,2426452.000000,2426452.000000
general,2023-01-01,high,partial,3,missing_required_metric,Revenue,Variable costs=google_sheets_monthly_economics_historical; Fixed costs=google_sheets_monthly_economics_historical; Net profit=google_sheets_monthly_economics_historical,0,980093.000000,664489.000000,1642102.073700,-1644582.000000,3286684.073700,3286684.073700
general,2023-02-01,high,partial,3,missing_required_metric,Revenue,Variable costs=google_sheets_monthly_economics_historical; Fixed costs=google_sheets_monthly_economics_historical; Net profit=google_sheets_monthly_economics_historical,0,907743.000000,578161.000000,844688.226200,-1485904.000000,2330592.226200,2330592.226200
general,2023-03-01,high,partial,3,missing_required_metric,Revenue,Variable costs=google_sheets_monthly_economics_historical; Fixed costs=google_sheets_monthly_economics_historical; Net profit=google_sheets_monthly_economics_historical,0,1233764.000000,563469.000000,1081934.143000,-1797233.000000,2879167.143000,2879167.143000
general,2023-04-01,high,partial,3,missing_required_metric,Revenue,Variable costs=google_sheets_monthly_economics_historical; Fixed costs=google_sheets_monthly_economics_historical; Net profit=google_sheets_monthly_economics_historical,0,1986354.000000,636106.000000,643548.029900,-2622460.000000,3266008.029900,3266008.029900
general,2023-05-01,high,partial,3,missing_required_metric,Revenue,Variable costs=google_sheets_monthly_economics_historical; Fixed costs=google_sheets_monthly_economics_historical; Net profit=google_sheets_monthly_economics_historical,0,897684.000000,626494.000000,1337052.031100,-1524178.000000,2861230.031100,2861230.031100
general,2023-06-01,high,partial,3,missing_required_metric,Revenue,Variable costs=google_sheets_monthly_economics_historical; Fixed costs=google_sheets_monthly_economics_historical; Net profit=google_sheets_monthly_economics_historical,0,841675.000000,624935.000000,539701.024800,-1466610.000000,2006311.024800,2006311.024800
general,2023-07-01,high,partial,3,missing_required_metric,Revenue,Variable costs=google_sheets_monthly_economics_historical; Fixed costs=google_sheets_monthly_economics_historical; Net profit=google_sheets_monthly_economics_historical,0,947034.000000,528674.000000,899326.084200,-1475708.000000,2375034.084200,2375034.084200
general,2023-08-01,high,partial,3,missing_required_metric,Revenue,Variable costs=google_sheets_monthly_economics_historical; Fixed costs=google_sheets_monthly_economics_historical; Net profit=google_sheets_monthly_economics_historical,0,959556.000000,654006.000000,891410.110700,-1613562.000000,2504972.110700,2504972.110700
general,2023-09-01,high,partial,3,missing_required_metric,Revenue,Variable costs=google_sheets_monthly_economics_historical; Fixed costs=google_sheets_monthly_economics_historical; Net profit=google_sheets_monthly_economics_historical,0,1413985.000000,557230.000000,1192397.323400,-1971215.000000,3163612.323400,3163612.323400
general,2023-10-01,high,partial,3,missing_required_metric,Revenue,Variable costs=google_sheets_monthly_economics_historical; Fixed costs=google_sheets_monthly_economics_historical; Net profit=google_sheets_monthly_economics_historical,0,2434574.000000,591057.000000,1025214.215200,-3025631.000000,4050845.215200,4050845.215200
general,2023-11-01,high,partial,3,missing_required_metric,Revenue,Variable costs=google_sheets_monthly_economics_historical; Fixed costs=google_sheets_monthly_economics_historical; Net profit=google_sheets_monthly_economics_historical,0,2016266.000000,758451.000000,1215293.213400,-2774717.000000,3990010.213400,3990010.213400
general,2023-12-01,high,partial,3,missing_required_metric,Revenue,Variable costs=google_sheets_monthly_economics_historical; Fixed costs=google_sheets_monthly_economics_historical; Net profit=google_sheets_monthly_economics_historical,0,2272047.000000,784311.000000,1155702.209500,-3056358.000000,4212060.209500,4212060.209500
general,2024-01-01,high,partial,3,missing_required_metric,Revenue,Variable costs=google_sheets_monthly_economics_historical; Fixed costs=google_sheets_monthly_economics_historical; Net profit=google_sheets_monthly_economics_historical,0,1842347.000000,805568.000000,1699683.137200,-2647915.000000,4347598.137200,4347598.137200
general,2024-02-01,high,partial,3,missing_required_metric,Revenue,Variable costs=google_sheets_monthly_economics_historical; Fixed costs=google_sheets_monthly_economics_historical; Net profit=google_sheets_monthly_economics_historical,0,1833403.000000,798196.000000,1605998.128500,-2631599.000000,4237597.128500,4237597.128500
general,2024-03-01,high,partial,3,missing_required_metric,Revenue,Variable costs=google_sheets_monthly_economics_historical; Fixed costs=google_sheets_monthly_economics_historical; Net profit=google_sheets_monthly_economics_historical,0,2137705.000000,871894.000000,686362.110500,-3009599.000000,3695961.110500,3695961.110500
general,2024-04-01,high,partial,3,missing_required_metric,Revenue,Variable costs=google_sheets_monthly_economics_historical; Fixed costs=google_sheets_monthly_economics_historical; Net profit=google_sheets_monthly_economics_historical,0,1350015.000000,717065.000000,-588793.934500,-2067080.000000,1478286.065500,1478286.065500
general,2024-05-01,high,partial,3,missing_required_metric,Revenue,Variable costs=google_sheets_monthly_economics_historical; Fixed costs=google_sheets_monthly_economics_historical; Net profit=google_sheets_monthly_economics_historical,0,1846396.000000,868909.000000,-1691828.911900,-2715305.000000,1023476.088100,1023476.088100
general,2024-06-01,high,partial,3,missing_required_metric,Revenue,Variable costs=google_sheets_monthly_economics_historical; Fixed costs=google_sheets_monthly_economics_historical; Net profit=google_sheets_monthly_economics_historical,0,1593081.000000,800648.000000,1507672.182000,-2393729.000000,3901401.182000,3901401.182000
general,2024-07-01,high,partial,3,missing_required_metric,Revenue,Variable costs=google_sheets_monthly_economics_historical; Fixed costs=google_sheets_monthly_economics_historical; Net profit=google_sheets_monthly_economics_historical,0,1922212.000000,931195.000000,803907.124400,-2853407.000000,3657314.124400,3657314.124400
general,2024-08-01,high,partial,3,missing_required_metric,Revenue,Variable costs=google_sheets_monthly_economics_historical; Fixed costs=google_sheets_monthly_economics_historical; Net profit=google_sheets_monthly_economics_historical,0,2227946.000000,1107518.000000,872855.131100,-3335464.000000,4208319.131100,4208319.131100
general,2024-09-01,high,partial,3,missing_required_metric,Revenue,Variable costs=google_sheets_monthly_economics_historical; Fixed costs=google_sheets_monthly_economics_historical; Net profit=google_sheets_monthly_economics_historical,0,2030131.000000,1030499.000000,671848.109900,-3060630.000000,3732478.109900,3732478.109900
general,2024-10-01,high,partial,3,missing_required_metric,Revenue,Variable costs=google_sheets_monthly_economics_historical; Fixed costs=google_sheets_monthly_economics_historical; Net profit=google_sheets_monthly_economics_historical,0,1847507.000000,1004414.000000,1317147.131400,-2851921.000000,4169068.131400,4169068.131400
general,2024-11-01,high,partial,3,missing_required_metric,Revenue,Variable costs=google_sheets_monthly_economics_historical; Fixed costs=google_sheets_monthly_economics_historical; Net profit=google_sheets_monthly_economics_historical,0,3704237.000000,1187947.000000,2127687.350500,-4892184.000000,7019871.350500,7019871.350500
general,2024-12-01,high,partial,3,missing_required_metric,Revenue,Variable costs=google_sheets_monthly_economics_historical; Fixed costs=google_sheets_monthly_economics_historical; Net profit=google_sheets_monthly_economics_historical,0,9782984.000000,1239763.000000,6139327.038900,-11022747.000000,17162074.038900,17162074.038900
general,2025-01-01,high,partial,3,missing_required_metric,Revenue,Variable costs=google_sheets_monthly_economics_historical; Fixed costs=google_sheets_monthly_economics_historical; Net profit=google_sheets_monthly_economics_historical,0,2668151.000000,1323808.000000,2272734.000000,-3991959.000000,6264693.000000,6264693.000000
general,2025-02-01,high,partial,3,missing_required_metric,Revenue,Variable costs=google_sheets_monthly_economics_historical; Fixed costs=google_sheets_monthly_economics_historical; Net profit=google_sheets_monthly_economics_historical,0,1763784.000000,1294226.000000,1349211.000000,-3058010.000000,4407221.000000,4407221.000000
general,2025-03-01,high,partial,3,missing_required_metric,Revenue,Variable costs=google_sheets_monthly_economics_historical; Fixed costs=google_sheets_monthly_economics_historical; Net profit=google_sheets_monthly_economics_historical,0,4746465.000000,1511185.000000,2096545.000000,-6257650.000000,8354195.000000,8354195.000000
general,2025-04-01,high,partial,1,large_delta,"Revenue, Variable costs, Fixed costs",Net profit=google_sheets_monthly_economics_historical,0,0,0,774008.630000,0,774008.630000,774008.630000
general,2025-05-01,high,partial,1,large_delta,"Revenue, Variable costs, Fixed costs",Net profit=google_sheets_monthly_economics_historical,0,0,0,2780159.130000,0,2780159.130000,2780159.130000
general,2025-06-01,high,partial,1,large_delta,"Revenue, Variable costs, Fixed costs",Net profit=google_sheets_monthly_economics_historical,0,0,0,861218.590000,0,861218.590000,861218.590000
general,2025-08-01,high,complete,4,large_delta,,Revenue=planfact; Variable costs=planfact; Fixed costs=planfact; Net profit=planfact,0.000000,287491.000000,42276.000000,-777725.000000,-329767.000000,-447958.000000,447958.000000
general,2025-09-01,high,complete,4,large_delta,,Revenue=planfact; Variable costs=planfact; Fixed costs=planfact; Net profit=planfact,0.000000,99163.000000,380671.000000,-1014268.000000,-479834.000000,-534434.000000,534434.000000
general,2025-10-01,high,complete,4,large_delta,,Revenue=planfact; Variable costs=planfact; Fixed costs=planfact; Net profit=planfact,0.000000,191150.000000,418617.000000,-1155559.000000,-609767.000000,-545792.000000,545792.000000
general,2025-11-01,high,complete,4,large_delta,,Revenue=planfact; Variable costs=planfact; Fixed costs=planfact; Net profit=planfact,0.000000,134080.000000,369775.000000,-1045878.000000,-503855.000000,-542023.000000,542023.000000
general,2025-12-01,high,complete,4,large_delta,,Revenue=planfact; Variable costs=planfact; Fixed costs=planfact; Net profit=planfact,0.000000,65976.000000,320692.000000,-917882.000000,-386668.000000,-531214.000000,531214.000000
general,2026-01-01,high,complete,4,large_delta,,Revenue=planfact; Variable costs=planfact; Fixed costs=planfact; Net profit=planfact,0.000000,68849.000000,45580.000000,-86904.000000,-114429.000000,27525.000000,27525.000000
total,2020-01-01,high,complete,4,large_delta,,Revenue=derived_total_from_business_units; Variable costs=derived_total_from_business_units; Fixed costs=derived_total_from_business_units; Net profit=derived_total_from_business_units,1878300.000000,361000.000000,152300.000000,1205000.000000,1365000.000000,-160000.000000,160000.000000
total,2020-02-01,high,complete,4,large_delta,,Revenue=derived_total_from_business_units; Variable costs=derived_total_from_business_units; Fixed costs=derived_total_from_business_units; Net profit=derived_total_from_business_units,1612100.000000,318000.000000,238500.000000,878100.000000,1055600.000000,-177500.000000,177500.000000
total,2020-03-01,high,complete,4,large_delta,,Revenue=derived_total_from_business_units; Variable costs=derived_total_from_business_units; Fixed costs=derived_total_from_business_units; Net profit=derived_total_from_business_units,1018700.000000,228000.000000,215500.000000,378700.000000,575200.000000,-196500.000000,196500.000000
total,2020-04-01,high,complete,4,large_delta,,Revenue=derived_total_from_business_units; Variable costs=derived_total_from_business_units; Fixed costs=derived_total_from_business_units; Net profit=derived_total_from_business_units,271730.000000,115100.000000,209628.000000,-196872.000000,-52998.000000,-143874.000000,143874.000000
total,2020-05-01,high,complete,4,large_delta,,Revenue=derived_total_from_business_units; Variable costs=derived_total_from_business_units; Fixed costs=derived_total_from_business_units; Net profit=derived_total_from_business_units,296105.000000,123400.000000,203769.000000,-171142.000000,-31064.000000,-140078.000000,140078.000000
total,2020-06-01,high,complete,4,large_delta,,Revenue=derived_total_from_business_units; Variable costs=derived_total_from_business_units; Fixed costs=derived_total_from_business_units; Net profit=derived_total_from_business_units,200096.000000,68100.000000,255749.000000,-231665.000000,-123753.000000,-107912.000000,107912.000000
total,2020-07-01,high,complete,4,large_delta,,Revenue=derived_total_from_business_units; Variable costs=derived_total_from_business_units; Fixed costs=derived_total_from_business_units; Net profit=derived_total_from_business_units,484692.000000,128500.000000,217610.000000,177839.000000,138582.000000,39257.000000,39257.000000
total,2020-08-01,high,complete,4,large_delta,,Revenue=derived_total_from_business_units; Variable costs=derived_total_from_business_units; Fixed costs=derived_total_from_business_units; Net profit=derived_total_from_business_units,529859.000000,143600.000000,225518.000000,95625.000000,160741.000000,-65116.000000,65116.000000
total,2020-09-01,high,complete,4,large_delta,,Revenue=derived_total_from_business_units; Variable costs=derived_total_from_business_units; Fixed costs=derived_total_from_business_units; Net profit=derived_total_from_business_units,714880.000000,170100.000000,175968.000000,236041.000000,368812.000000,-132771.000000,132771.000000
total,2020-10-01,high,complete,4,large_delta,,Revenue=derived_total_from_business_units; Variable costs=derived_total_from_business_units; Fixed costs=derived_total_from_business_units; Net profit=derived_total_from_business_units,1241758.000000,200500.000000,261710.000000,561592.000000,779548.000000,-217956.000000,217956.000000
total,2020-11-01,high,complete,4,large_delta,,Revenue=derived_total_from_business_units; Variable costs=derived_total_from_business_units; Fixed costs=derived_total_from_business_units; Net profit=derived_total_from_business_units,716467.000000,155000.000000,254500.000000,115186.000000,306967.000000,-191781.000000,191781.000000
total,2020-12-01,high,complete,4,large_delta,,Revenue=derived_total_from_business_units; Variable costs=derived_total_from_business_units; Fixed costs=derived_total_from_business_units; Net profit=derived_total_from_business_units,924687.000000,194650.000000,288193.000000,364155.000000,441844.000000,-77689.000000,77689.000000
total,2021-01-01,high,complete,4,large_delta,,Revenue=derived_total_from_business_units; Variable costs=derived_total_from_business_units; Fixed costs=derived_total_from_business_units; Net profit=derived_total_from_business_units,866084.000000,290880.000000,240354.000000,254232.000000,334850.000000,-80618.000000,80618.000000
total,2021-02-01,high,complete,4,large_delta,,Revenue=derived_total_from_business_units; Variable costs=derived_total_from_business_units; Fixed costs=derived_total_from_business_units; Net profit=derived_total_from_business_units,1102833.000000,356233.000000,327074.000000,99282.000000,419526.000000,-320244.000000,320244.000000
total,2021-04-01,high,complete,4,large_delta,,Revenue=derived_total_from_business_units; Variable costs=derived_total_from_business_units; Fixed costs=derived_total_from_business_units; Net profit=derived_total_from_business_units,985110.000000,365198.000000,375699.000000,86259.000000,244213.000000,-157954.000000,157954.000000
total,2021-05-01,high,complete,4,large_delta,,Revenue=derived_total_from_business_units; Variable costs=derived_total_from_business_units; Fixed costs=derived_total_from_business_units; Net profit=derived_total_from_business_units,1001832.000000,386655.000000,349136.000000,52983.000000,266041.000000,-213058.000000,213058.000000
total,2021-06-01,high,complete,4,large_delta,,Revenue=derived_total_from_business_units; Variable costs=derived_total_from_business_units; Fixed costs=derived_total_from_business_units; Net profit=derived_total_from_business_units,812252.000000,295162.000000,332435.000000,19208.000000,184655.000000,-165447.000000,165447.000000
total,2021-07-01,high,complete,4,large_delta,,Revenue=derived_total_from_business_units; Variable costs=derived_total_from_business_units; Fixed costs=derived_total_from_business_units; Net profit=derived_total_from_business_units,700485.000000,280648.000000,308784.000000,20587.000000,111053.000000,-90466.000000,90466.000000
total,2021-08-01,high,complete,4,large_delta,,Revenue=derived_total_from_business_units; Variable costs=derived_total_from_business_units; Fixed costs=derived_total_from_business_units; Net profit=derived_total_from_business_units,1438600.000000,499309.000000,466677.000000,276325.000000,472614.000000,-196289.000000,196289.000000
total,2021-09-01,high,complete,4,large_delta,,Revenue=derived_total_from_business_units; Variable costs=derived_total_from_business_units; Fixed costs=derived_total_from_business_units; Net profit=derived_total_from_business_units,1187577.000000,483441.000000,399154.000000,168995.000000,304982.000000,-135987.000000,135987.000000
total,2021-10-01,high,complete,4,large_delta,,Revenue=derived_total_from_business_units; Variable costs=derived_total_from_business_units; Fixed costs=derived_total_from_business_units; Net profit=derived_total_from_business_units,1478192.000000,557936.000000,383134.000000,378766.000000,537122.000000,-158356.000000,158356.000000
total,2021-11-01,high,complete,4,large_delta,,Revenue=derived_total_from_business_units; Variable costs=derived_total_from_business_units; Fixed costs=derived_total_from_business_units; Net profit=derived_total_from_business_units,1206423.000000,480149.000000,356747.000000,184365.000000,369527.000000,-185162.000000,185162.000000
total,2022-01-01,high,complete,4,large_delta,,Revenue=derived_total_from_business_units; Variable costs=derived_total_from_business_units; Fixed costs=derived_total_from_business_units; Net profit=derived_total_from_business_units,1853459.000000,775757.000000,396570.000000,176624.000000,681132.000000,-504508.000000,504508.000000
total,2022-03-01,high,complete,4,large_delta,,Revenue=derived_total_from_business_units; Variable costs=derived_total_from_business_units; Fixed costs=derived_total_from_business_units; Net profit=derived_total_from_business_units,1771345.000000,668615.000000,443262.000000,905022.000000,659468.000000,245554.000000,245554.000000
total,2022-04-01,high,complete,4,large_delta,,Revenue=derived_total_from_business_units; Variable costs=derived_total_from_business_units; Fixed costs=derived_total_from_business_units; Net profit=derived_total_from_business_units,1555398.000000,675261.000000,393528.000000,594039.000000,486609.000000,107430.000000,107430.000000
total,2022-05-01,high,complete,4,large_delta,,Revenue=derived_total_from_business_units; Variable costs=derived_total_from_business_units; Fixed costs=derived_total_from_business_units; Net profit=derived_total_from_business_units,1411478.000000,655739.000000,377470.000000,226040.000000,378269.000000,-152229.000000,152229.000000
total,2022-06-01,high,complete,4,large_delta,,Revenue=derived_total_from_business_units; Variable costs=derived_total_from_business_units; Fixed costs=derived_total_from_business_units; Net profit=derived_total_from_business_units,1550887.000000,648135.000000,438623.000000,689049.000000,464129.000000,224920.000000,224920.000000
total,2022-08-01,high,complete,4,large_delta,,Revenue=derived_total_from_business_units; Variable costs=derived_total_from_business_units; Fixed costs=derived_total_from_business_units; Net profit=derived_total_from_business_units,1618806.000000,684042.000000,382731.000000,653647.000000,552033.000000,101614.000000,101614.000000
total,2022-09-01,high,complete,4,large_delta,,Revenue=derived_total_from_business_units; Variable costs=derived_total_from_business_units; Fixed costs=derived_total_from_business_units; Net profit=derived_total_from_business_units,1719017.000000,806162.000000,393948.000000,921811.000000,518907.000000,402904.000000,402904.000000
total,2022-10-01,high,complete,4,large_delta,,Revenue=derived_total_from_business_units; Variable costs=derived_total_from_business_units; Fixed costs=derived_total_from_business_units; Net profit=derived_total_from_business_units,1599660.000000,659371.000000,582793.000000,551292.000000,357496.000000,193796.000000,193796.000000
total,2022-11-01,high,complete,4,large_delta,,Revenue=derived_total_from_business_units; Variable costs=derived_total_from_business_units; Fixed costs=derived_total_from_business_units; Net profit=derived_total_from_business_units,1917060.000000,786676.000000,476651.000000,958337.000000,653733.000000,304604.000000,304604.000000
total,2022-12-01,high,complete,4,large_delta,,Revenue=derived_total_from_business_units; Variable costs=derived_total_from_business_units; Fixed costs=derived_total_from_business_units; Net profit=derived_total_from_business_units,1915000.000000,1027549.000000,529696.000000,1639207.000000,357755.000000,1281452.000000,1281452.000000
total,2023-01-01,high,complete,4,large_delta,,Revenue=derived_total_from_business_units; Variable costs=derived_total_from_business_units; Fixed costs=derived_total_from_business_units; Net profit=derived_total_from_business_units,3377739.000000,980093.000000,664489.000000,3284205.073700,1733157.000000,1551048.073700,1551048.073700
total,2023-02-01,high,complete,4,large_delta,,Revenue=derived_total_from_business_units; Variable costs=derived_total_from_business_units; Fixed costs=derived_total_from_business_units; Net profit=derived_total_from_business_units,2395130.000000,907743.000000,578161.000000,1689376.226200,909226.000000,780150.226200,780150.226200
total,2023-03-01,high,complete,4,large_delta,,Revenue=derived_total_from_business_units; Variable costs=derived_total_from_business_units; Fixed costs=derived_total_from_business_units; Net profit=derived_total_from_business_units,2745456.000000,1233764.000000,563469.000000,2163868.143000,948223.000000,1215645.143000,1215645.143000
total,2023-04-01,high,complete,4,large_delta,,Revenue=derived_total_from_business_units; Variable costs=derived_total_from_business_units; Fixed costs=derived_total_from_business_units; Net profit=derived_total_from_business_units,2773872.000000,1986354.000000,636106.000000,1287096.029900,151412.000000,1135684.029900,1135684.029900
total,2023-05-01,high,complete,4,large_delta,,Revenue=derived_total_from_business_units; Variable costs=derived_total_from_business_units; Fixed costs=derived_total_from_business_units; Net profit=derived_total_from_business_units,2776335.000000,897684.000000,626494.000000,2674104.031100,1252157.000000,1421947.031100,1421947.031100
total,2023-06-01,high,complete,4,large_delta,,Revenue=derived_total_from_business_units; Variable costs=derived_total_from_business_units; Fixed costs=derived_total_from_business_units; Net profit=derived_total_from_business_units,1686593.000000,841675.000000,624935.000000,1079402.024800,219983.000000,859419.024800,859419.024800
total,2023-07-01,high,complete,4,large_delta,,Revenue=derived_total_from_business_units; Variable costs=derived_total_from_business_units; Fixed costs=derived_total_from_business_units; Net profit=derived_total_from_business_units,1962775.000000,947034.000000,528674.000000,1798652.084200,487067.000000,1311585.084200,1311585.084200
total,2023-08-01,high,complete,4,large_delta,,Revenue=derived_total_from_business_units; Variable costs=derived_total_from_business_units; Fixed costs=derived_total_from_business_units; Net profit=derived_total_from_business_units,2005772.000000,959556.000000,654006.000000,1782820.110700,392210.000000,1390610.110700,1390610.110700
total,2023-09-01,high,complete,4,large_delta,,Revenue=derived_total_from_business_units; Variable costs=derived_total_from_business_units; Fixed costs=derived_total_from_business_units; Net profit=derived_total_from_business_units,2870717.000000,1413985.000000,557230.000000,2384794.323400,899502.000000,1485292.323400,1485292.323400
total,2023-10-01,high,complete,4,large_delta,,Revenue=derived_total_from_business_units; Variable costs=derived_total_from_business_units; Fixed costs=derived_total_from_business_units; Net profit=derived_total_from_business_units,3741120.000000,2434574.000000,591057.000000,3050428.215200,715489.000000,2334939.215200,2334939.215200
total,2023-11-01,high,complete,4,large_delta,,Revenue=derived_total_from_business_units; Variable costs=derived_total_from_business_units; Fixed costs=derived_total_from_business_units; Net profit=derived_total_from_business_units,3536725.000000,2016266.000000,758451.000000,2430586.213400,762008.000000,1668578.213400,1668578.213400
total,2023-12-01,high,complete,4,large_delta,,Revenue=derived_total_from_business_units; Variable costs=derived_total_from_business_units; Fixed costs=derived_total_from_business_units; Net profit=derived_total_from_business_units,3588563.000000,2272047.000000,784311.000000,2311404.209500,532205.000000,1779199.209500,1779199.209500
total,2024-01-01,high,complete,4,large_delta,,Revenue=derived_total_from_business_units; Variable costs=derived_total_from_business_units; Fixed costs=derived_total_from_business_units; Net profit=derived_total_from_business_units,3716825.000000,1842347.000000,805568.000000,3399366.137200,1068910.000000,2330456.137200,2330456.137200
total,2024-02-01,high,complete,4,large_delta,,Revenue=derived_total_from_business_units; Variable costs=derived_total_from_business_units; Fixed costs=derived_total_from_business_units; Net profit=derived_total_from_business_units,3987569.000000,1833403.000000,798196.000000,3211996.128500,1355970.000000,1856026.128500,1856026.128500
total,2024-03-01,high,complete,4,large_delta,,Revenue=derived_total_from_business_units; Variable costs=derived_total_from_business_units; Fixed costs=derived_total_from_business_units; Net profit=derived_total_from_business_units,3607652.000000,2137705.000000,871894.000000,1843306.110500,598053.000000,1245253.110500,1245253.110500
total,2024-04-01,high,complete,4,large_delta,,Revenue=derived_total_from_business_units; Variable costs=derived_total_from_business_units; Fixed costs=derived_total_from_business_units; Net profit=derived_total_from_business_units,2593570.000000,1350015.000000,717065.000000,208329.065500,526490.000000,-318160.934500,318160.934500
total,2024-05-01,high,complete,4,large_delta,,Revenue=derived_total_from_business_units; Variable costs=derived_total_from_business_units; Fixed costs=derived_total_from_business_units; Net profit=derived_total_from_business_units,3241003.000000,1977632.000000,1187113.000000,-1273998.911900,76258.000000,-1350256.911900,1350256.911900
total,2024-06-01,high,complete,4,large_delta,,Revenue=derived_total_from_business_units; Variable costs=derived_total_from_business_units; Fixed costs=derived_total_from_business_units; Net profit=derived_total_from_business_units,4395434.000000,2119097.000000,1141681.000000,3180538.182000,1134656.000000,2045882.182000,2045882.182000
total,2024-07-01,high,complete,4,large_delta,,Revenue=derived_total_from_business_units; Variable costs=derived_total_from_business_units; Fixed costs=derived_total_from_business_units; Net profit=derived_total_from_business_units,5064663.000000,2653167.000000,1356731.000000,1772218.124400,1054765.000000,717453.124400,717453.124400
total,2024-08-01,high,complete,4,large_delta,,Revenue=derived_total_from_business_units; Variable costs=derived_total_from_business_units; Fixed costs=derived_total_from_business_units; Net profit=derived_total_from_business_units,5877145.000000,3258580.000000,1785720.000000,1909884.131100,832845.000000,1077039.131100,1077039.131100
total,2024-09-01,high,complete,4,large_delta,,Revenue=derived_total_from_business_units; Variable costs=derived_total_from_business_units; Fixed costs=derived_total_from_business_units; Net profit=derived_total_from_business_units,5072964.000000,2924063.000000,1556117.000000,1459375.109900,592784.000000,866591.109900,866591.109900
total,2024-10-01,high,complete,4,large_delta,,Revenue=derived_total_from_business_units; Variable costs=derived_total_from_business_units; Fixed costs=derived_total_from_business_units; Net profit=derived_total_from_business_units,5528227.000000,2683629.000000,1482949.000000,2803308.131400,1361649.000000,1441659.131400,1441659.131400
total,2024-11-01,high,complete,4,large_delta,,Revenue=derived_total_from_business_units; Variable costs=derived_total_from_business_units; Fixed costs=derived_total_from_business_units; Net profit=derived_total_from_business_units,8545929.000000,4650988.000000,1792047.000000,4641654.350500,2102894.000000,2538760.350500,2538760.350500
total,2024-12-01,high,complete,4,large_delta,,Revenue=derived_total_from_business_units; Variable costs=derived_total_from_business_units; Fixed costs=derived_total_from_business_units; Net profit=derived_total_from_business_units,18433214.000000,10664543.000000,1791806.000000,13716820.038900,5976865.000000,7739955.038900,7739955.038900
total,2025-01-01,high,complete,4,large_delta,,Revenue=derived_total_from_business_units; Variable costs=derived_total_from_business_units; Fixed costs=derived_total_from_business_units; Net profit=derived_total_from_business_units,7514205.000000,3778928.000000,2083086.000000,4865687.000000,1652191.000000,3213496.000000,3213496.000000
total,2025-02-01,high,complete,4,large_delta,,Revenue=derived_total_from_business_units; Variable costs=derived_total_from_business_units; Fixed costs=derived_total_from_business_units; Net profit=derived_total_from_business_units,5464123.000000,2763590.000000,1881887.000000,2827811.000000,818646.000000,2009165.000000,2009165.000000
total,2025-03-01,high,complete,4,large_delta,,Revenue=derived_total_from_business_units; Variable costs=derived_total_from_business_units; Fixed costs=derived_total_from_business_units; Net profit=derived_total_from_business_units,9390829.000000,6210159.000000,2118956.000000,5297252.000000,1061714.000000,4235538.000000,4235538.000000
total,2025-04-01,high,complete,4,large_delta,,Revenue=derived_total_from_business_units; Variable costs=derived_total_from_business_units; Fixed costs=derived_total_from_business_units; Net profit=google_sheets_monthly_economics_historical,5950544.000000,3909634.900000,1833531.420000,690171.200000,207377.680000,482793.520000,482793.520000
total,2025-05-01,high,complete,4,large_delta,,Revenue=derived_total_from_business_units; Variable costs=derived_total_from_business_units; Fixed costs=derived_total_from_business_units; Net profit=google_sheets_monthly_economics_historical,8687183.000000,5358006.740000,1978931.630000,2449686.010000,1350244.630000,1099441.380000,1099441.380000
total,2025-06-01,high,complete,4,large_delta,,Revenue=derived_total_from_business_units; Variable costs=derived_total_from_business_units; Fixed costs=derived_total_from_business_units; Net profit=google_sheets_monthly_economics_historical,7534843.000000,5379527.170000,2070465.240000,751151.180000,84850.590000,666300.590000,666300.590000
total,2025-08-01,high,complete,4,large_delta,,Revenue=planfact; Variable costs=planfact; Fixed costs=planfact; Net profit=planfact,9425765.000000,4594349.000000,1151963.000000,3192665.000000,3679453.000000,-486788.000000,486788.000000
total,2025-09-01,high,complete,4,large_delta,,Revenue=planfact; Variable costs=planfact; Fixed costs=planfact; Net profit=planfact,9780427.000000,3990217.000000,1784954.000000,3340729.000000,4005256.000000,-664527.000000,664527.000000
total,2026-01-01,high,complete,4,large_delta,,Revenue=planfact; Variable costs=planfact; Fixed costs=planfact; Net profit=planfact,13158310.000000,7351146.000000,2429110.000000,2396785.000000,3378054.000000,-981269.000000,981269.000000
total,2026-02-01,high,complete,4,large_delta,,Revenue=planfact; Variable costs=planfact; Fixed costs=planfact; Net profit=planfact,9525318.000000,3319306.000000,2619599.000000,2744900.000000,3586413.000000,-841513.000000,841513.000000
b2b,2025-10-01,medium,complete,4,moderate_delta,,Revenue=planfact; Variable costs=planfact; Fixed costs=planfact; Net profit=planfact,1954232.000000,1102464.000000,129809.000000,766158.000000,721959.000000,44199.000000,44199.000000
b2b,2026-02-01,medium,complete,4,moderate_delta,,Revenue=planfact; Variable costs=planfact; Fixed costs=planfact; Net profit=planfact,0.000000,30500.000000,497120.000000,-538003.000000,-527620.000000,-10383.000000,10383.000000
b2b,2026-03-01,medium,complete,4,moderate_delta,,Revenue=planfact; Variable costs=planfact; Fixed costs=planfact; Net profit=planfact,9507668.000000,7025817.000000,470902.000000,1779132.000000,2010949.000000,-231817.000000,231817.000000
total,2021-12-01,medium,complete,4,moderate_delta,,Revenue=derived_total_from_business_units; Variable costs=derived_total_from_business_units; Fixed costs=derived_total_from_business_units; Net profit=derived_total_from_business_units,1996073.000000,709977.000000,439818.000000,794256.000000,846278.000000,-52022.000000,52022.000000
total,2022-02-01,medium,complete,4,moderate_delta,,Revenue=derived_total_from_business_units; Variable costs=derived_total_from_business_units; Fixed costs=derived_total_from_business_units; Net profit=derived_total_from_business_units,2341982.000000,783540.000000,448487.000000,1014871.000000,1109955.000000,-95084.000000,95084.000000
total,2022-07-01,medium,complete,4,moderate_delta,,Revenue=derived_total_from_business_units; Variable costs=derived_total_from_business_units; Fixed costs=derived_total_from_business_units; Net profit=derived_total_from_business_units,1614390.000000,688530.000000,356156.000000,548405.000000,569704.000000,-21299.000000,21299.000000
total,2025-10-01,medium,complete,4,moderate_delta,,Revenue=planfact; Variable costs=planfact; Fixed costs=planfact; Net profit=planfact,13065795.000000,6861204.000000,2242890.000000,3460109.000000,3961701.000000,-501592.000000,501592.000000
total,2025-11-01,medium,complete,4,moderate_delta,,Revenue=planfact; Variable costs=planfact; Fixed costs=planfact; Net profit=planfact,13838695.000000,8382931.000000,2092571.000000,2824227.000000,3363193.000000,-538966.000000,538966.000000
total,2025-12-01,medium,complete,4,moderate_delta,,Revenue=planfact; Variable costs=planfact; Fixed costs=planfact; Net profit=planfact,17034739.000000,13659301.000000,2322338.000000,642035.000000,1053100.000000,-411065.000000,411065.000000
total,2026-03-01,medium,complete,4,moderate_delta,,Revenue=planfact; Variable costs=planfact; Fixed costs=planfact; Net profit=planfact,18358875.000000,10983374.000000,2847582.000000,3632358.000000,4527919.000000,-895561.000000,895561.000000
b2b,2025-11-01,low,complete,4,small_delta,,Revenue=planfact; Variable costs=planfact; Fixed costs=planfact; Net profit=planfact,2747472.000000,1224477.000000,313099.000000,1209895.000000,1209896.000000,-1.000000,1.000000
b2b,2025-12-01,low,complete,4,small_delta,,Revenue=planfact; Variable costs=planfact; Fixed costs=planfact; Net profit=planfact,5913340.000000,5987098.000000,405092.000000,-425658.000000,-478850.000000,53192.000000,53192.000000
b2c_moscow,2025-09-01,low,complete,4,small_delta,,Revenue=planfact; Variable costs=planfact; Fixed costs=planfact; Net profit=planfact,5770011.000000,1772797.000000,690631.000000,3306582.000000,3306583.000000,-1.000000,1.000000
b2c_moscow,2025-11-01,low,complete,4,small_delta,,Revenue=planfact; Variable costs=planfact; Fixed costs=planfact; Net profit=planfact,7513297.000000,5237725.000000,1001608.000000,1276820.000000,1273964.000000,2856.000000,2856.000000
b2c_moscow,2025-12-01,low,complete,4,small_delta,,Revenue=planfact; Variable costs=planfact; Fixed costs=planfact; Net profit=planfact,7056145.000000,5432629.000000,1117585.000000,570654.000000,505931.000000,64723.000000,64723.000000
b2c_spb,2024-12-01,low,complete,4,small_delta,,Revenue=google_sheets_monthly_economics_historical; Variable costs=google_sheets_monthly_economics_historical; Fixed costs=google_sheets_monthly_economics_historical; Net profit=google_sheets_monthly_economics_historical,1776419.000000,881559.000000,552043.000000,330824.000000,342817.000000,-11993.000000,11993.000000
b2c_spb,2025-08-01,low,complete,4,small_delta,,Revenue=planfact; Variable costs=planfact; Fixed costs=planfact; Net profit=planfact,3148107.000000,1649519.000000,705220.000000,794509.000000,793368.000000,1141.000000,1141.000000
b2c_spb,2025-10-01,low,complete,4,small_delta,,Revenue=planfact; Variable costs=planfact; Fixed costs=planfact; Net profit=planfact,4055807.000000,1854254.000000,348533.000000,1853019.000000,1853020.000000,-1.000000,1.000000
b2c_spb,2025-11-01,low,complete,4,small_delta,,Revenue=planfact; Variable costs=planfact; Fixed costs=planfact; Net profit=planfact,3565927.000000,1786648.000000,408088.000000,1371390.000000,1371191.000000,199.000000,199.000000
b2c_spb,2025-12-01,low,complete,4,small_delta,,Revenue=planfact; Variable costs=planfact; Fixed costs=planfact; Net profit=planfact,4049254.000000,2173599.000000,478970.000000,1398921.000000,1396685.000000,2236.000000,2236.000000
total,2021-03-01,low,complete,4,small_delta,,Revenue=derived_total_from_business_units; Variable costs=derived_total_from_business_units; Fixed costs=derived_total_from_business_units; Net profit=derived_total_from_business_units,1486330.000000,539279.000000,374232.000000,562015.000000,572819.000000,-10804.000000,10804.000000
b2b,2022-01-01,ok,partial,1,exact_match,"Variable costs, Fixed costs, Net profit",Revenue=google_sheets_monthly_economics_historical,0.000000,0,0,0,0.000000,0.000000,0.000000
b2b,2023-05-01,ok,partial,1,exact_match,"Variable costs, Fixed costs, Net profit",Revenue=google_sheets_monthly_economics_historical,0.000000,0,0,0,0.000000,0.000000,0.000000
b2b,2024-01-01,ok,partial,1,exact_match,"Revenue, Variable costs, Fixed costs",Net profit=google_sheets_monthly_economics_historical,0,0,0,0.000000,0,0.000000,0.000000
b2b,2024-02-01,ok,partial,1,exact_match,"Revenue, Variable costs, Fixed costs",Net profit=google_sheets_monthly_economics_historical,0,0,0,0.000000,0,0.000000,0.000000
b2b,2024-06-01,ok,partial,1,exact_match,"Revenue, Variable costs, Fixed costs",Net profit=google_sheets_monthly_economics_historical,0,0,0,0.000000,0,0.000000,0.000000
b2b,2024-07-01,ok,partial,1,exact_match,"Revenue, Variable costs, Fixed costs",Net profit=google_sheets_monthly_economics_historical,0,0,0,0.000000,0,0.000000,0.000000
b2b,2024-08-01,ok,partial,1,exact_match,"Revenue, Variable costs, Fixed costs",Net profit=google_sheets_monthly_economics_historical,0,0,0,0.000000,0,0.000000,0.000000
b2b,2024-10-01,ok,partial,1,exact_match,"Revenue, Variable costs, Fixed costs",Net profit=google_sheets_monthly_economics_historical,0,0,0,0.000000,0,0.000000,0.000000
b2b,2025-02-01,ok,partial,1,exact_match,"Revenue, Variable costs, Fixed costs",Net profit=google_sheets_monthly_economics_historical,0,0,0,0.000000,0,0.000000,0.000000
b2c_moscow,2025-08-01,ok,complete,4,exact_match,,Revenue=planfact; Variable costs=planfact; Fixed costs=planfact; Net profit=planfact,6096559.000000,2434254.000000,376627.000000,3285678.000000,3285678.000000,0.000000,0.000000
b2c_moscow,2025-10-01,ok,complete,4,exact_match,,Revenue=planfact; Variable costs=planfact; Fixed costs=planfact; Net profit=planfact,6868757.000000,3701836.000000,1343276.000000,1823645.000000,1823645.000000,0.000000,0.000000
b2c_spb,2025-09-01,ok,complete,4,exact_match,,Revenue=planfact; Variable costs=planfact; Fixed costs=planfact; Net profit=planfact,2724291.000000,1224486.000000,449335.000000,1050470.000000,1050470.000000,0.000000,0.000000
franchise,2025-01-01,ok,partial,1,exact_match,"Revenue, Variable costs, Fixed costs",Net profit=google_sheets_monthly_economics_historical,0,0,0,0.000000,0,0.000000,0.000000
franchise,2025-02-01,ok,partial,1,exact_match,"Revenue, Variable costs, Fixed costs",Net profit=google_sheets_monthly_economics_historical,0,0,0,0.000000,0,0.000000,0.000000
franchise,2025-08-01,ok,complete,4,exact_match,,Revenue=planfact; Variable costs=planfact; Fixed costs=planfact; Net profit=planfact,181000.000000,25000.000000,0.000000,156000.000000,156000.000000,0.000000,0.000000
franchise,2025-09-01,ok,complete,4,exact_match,,Revenue=planfact; Variable costs=planfact; Fixed costs=planfact; Net profit=planfact,18000.000000,14135.000000,0.000000,3865.000000,3865.000000,0.000000,0.000000
franchise,2025-10-01,ok,complete,4,exact_match,,Revenue=planfact; Variable costs=planfact; Fixed costs=planfact; Net profit=planfact,187000.000000,11500.000000,2655.000000,172845.000000,172845.000000,0.000000,0.000000
franchise,2025-11-01,ok,complete,4,exact_match,,Revenue=planfact; Variable costs=planfact; Fixed costs=planfact; Net profit=planfact,12000.000000,0.000000,0.000000,12000.000000,12000.000000,0.000000,0.000000
franchise,2025-12-01,ok,complete,4,exact_match,,Revenue=planfact; Variable costs=planfact; Fixed costs=planfact; Net profit=planfact,16000.000000,0.000000,0.000000,16000.000000,16000.000000,0.000000,0.000000
franchise,2026-01-01,ok,complete,4,exact_match,,Revenue=planfact; Variable costs=planfact; Fixed costs=planfact; Net profit=planfact,53000.000000,16000.000000,0.000000,37000.000000,37000.000000,0.000000,0.000000
franchise,2026-02-01,ok,complete,4,exact_match,,Revenue=planfact; Variable costs=planfact; Fixed costs=planfact; Net profit=planfact,10000.000000,8000.000000,0.000000,2000.000000,2000.000000,0.000000,0.000000
franchise,2026-03-01,ok,complete,4,exact_match,,Revenue=planfact; Variable costs=planfact; Fixed costs=planfact; Net profit=planfact,22000.000000,20000.000000,0.000000,2000.000000,2000.000000,0.000000,0.000000
general,2026-02-01,ok,complete,4,exact_match,,Revenue=planfact; Variable costs=planfact; Fixed costs=planfact; Net profit=planfact,0.000000,0.000000,0.000000,0.000000,0.000000,0.000000,0.000000
general,2026-03-01,ok,complete,4,exact_match,,Revenue=planfact; Variable costs=planfact; Fixed costs=planfact; Net profit=planfact,0.000000,0.000000,0.000000,0.000000,0.000000,0.000000,0.000000
