anomaly_type,severity_score,metric_name,metric_family,value_kind,business_unit,show_name,channel_name,partner_name,period_start,value_numeric,local_median,previous_value,next_value,source_system,reason,series_label
sign_flip,4398757499999999.50,Retained earnings,finance,currency,total,,,,2025-12-01,-3457965.000000,940792.500000,1249227.000000,-603215.000000,planfact,negative value -3457965.00 against positive history median 940792.50,Retained earnings | bu=total
sign_flip,2530209999999999.50,Net profit,finance,currency,total,,,,2024-05-01,-1691829.000000,838381.000000,-588794.000000,1507672.000000,google_sheets_monthly_economics_historical,negative value -1691829.00 against positive history median 643548.00,Net profit | bu=total
sign_flip,1744583499999999.75,Net profit,finance,currency,total,,,,2024-04-01,-588794.000000,1155789.500000,686362.000000,-1691829.000000,google_sheets_monthly_economics_historical,negative value -588794.00 against positive history median 643548.00,Net profit | bu=total
sign_flip,1235572999999999.75,Retained earnings,finance,currency,total,,,,2026-01-01,-603215.000000,632358.000000,-3457965.000000,-255100.000000,planfact,negative value -603215.00 against positive history median 940792.50,Retained earnings | bu=total
drop_down,1235572999999999.75,Retained earnings,finance,currency,total,,,,2026-03-01,632358.000000,-603215.000000,-255100.000000,,planfact,value 632358.00 is only -1.05x local median -603215.00,Retained earnings | bu=total
drop_down,549841999999999.94,Net profit,finance,currency,total,,,,2020-03-01,378700.000000,-171142.000000,878100.000000,-196872.000000,google_sheets_monthly_economics_historical,value 378700.00 is only -2.21x local median -171142.00,Net profit | bu=total
sign_flip,475141499999999.94,Net profit,finance,currency,total,,,,2020-04-01,-196872.000000,278269.500000,378700.000000,-171142.000000,google_sheets_monthly_economics_historical,negative value -196872.00 against positive history median 643548.00,Net profit | bu=total
sign_flip,368396999999999.94,Net profit,finance,currency,total,,,,2020-06-01,-231665.000000,136732.000000,-171142.000000,177839.000000,google_sheets_monthly_economics_historical,negative value -231665.00 against positive history median 643548.00,Net profit | bu=total
sign_flip,307873999999999.94,Net profit,finance,currency,total,,,,2020-05-01,-171142.000000,136732.000000,-196872.000000,-231665.000000,google_sheets_monthly_economics_historical,negative value -171142.00 against positive history median 643548.00,Net profit | bu=total
sign_flip,269671499999999.97,Retained earnings,finance,currency,total,,,,2026-02-01,-255100.000000,14571.500000,-603215.000000,632358.000000,planfact,negative value -255100.00 against positive history median 940792.50,Retained earnings | bu=total
spike_up,215597499999999.97,Net profit,finance,currency,total,,,,2020-07-01,177839.000000,-37758.500000,-231665.000000,95625.000000,google_sheets_monthly_economics_historical,value 177839.00 is 4.7x local median -37758.50,Net profit | bu=total
drop_down,96066703.91,Show production costs,costs,currency,total,,,,2026-02-01,65217.000000,2535855.500000,2073421.000000,7047524.000000,planfact,value 65217.00 is only 0.03x local median 2535855.50,Show production costs | bu=total
drop_down,41093103.69,Cost article - Свет/Мебель/Предметы интерьера,costs_article,currency,total,,,,2025-10-01,19357.000000,901605.000000,0.000000,1176622.000000,planfact,value 19357.00 is only 0.02x local median 901605.00,Cost article - Свет/Мебель/Предметы интерьера | bu=total
spike_up,39977148.27,Other expenses,finance,currency,total,,,,2023-04-01,509030.000000,6400.000000,31523.000000,3070.000000,derived_total_from_business_units,value 509030.00 is 79.5x local median 6400.00,Other expenses | bu=total
drop_down,39241319.56,Other expenses,finance,currency,total,,,,2023-07-01,60.000000,48552.985000,8000.000000,37283.270000,derived_total_from_business_units,value 60.00 is only 0.00x local median 48552.99,Other expenses | bu=total
drop_down,36960010.24,Revenue,finance,currency,total,,,,2025-06-01,2430358.000000,10770424.500000,2022804.000000,19032530.000000,derived_total_from_business_units,value 2430358.00 is only 0.23x local median 10770424.50,Revenue | bu=total
drop_down,27578473.00,Cost article - Другое ФОТ,costs_article,currency,total,,,,2025-11-01,213.000000,76750.000000,0.000000,0.000000,planfact,value 213.00 is only 0.00x local median 76750.00,Cost article - Другое ФОТ | bu=total
spike_up,26244054.09,Net profit,finance,currency,total,,,,2024-12-01,6139326.000000,1163909.500000,2127687.000000,1010672.000000,google_sheets_monthly_economics_historical,value 6139326.00 is 5.3x local median 1163909.50,Net profit | bu=total
spike_up,23270301.13,Variable costs,costs,currency,total,,,,2024-12-01,10664543.000000,3351495.500000,4650988.000000,3778928.000000,derived_total_from_business_units,value 10664543.00 is 3.2x local median 3351495.50,Variable costs | bu=total
spike_up,19496805.46,Other expenses,finance,currency,total,,,,2025-03-01,1584108.000000,119036.500000,80587.000000,98615.000000,derived_total_from_business_units,value 1584108.00 is 13.3x local median 119036.50,Other expenses | bu=total
spike_up,16906894.58,Show production costs,costs,currency,total,,,,2026-03-01,7047524.000000,2073421.000000,65217.000000,,planfact,value 7047524.00 is 3.4x local median 2073421.00,Show production costs | bu=total
spike_up,16252194.91,Other expenses,finance,currency,total,,,,2024-12-01,1341337.000000,102264.000000,509468.000000,69820.000000,derived_total_from_business_units,value 1341337.00 is 13.1x local median 102264.00,Other expenses | bu=total
drop_down,11716825.19,Net profit,finance,currency,total,,,,2025-12-01,642035.000000,3082478.000000,2824227.000000,2396785.000000,planfact,value 642035.00 is only 0.21x local median 3082478.00,Net profit | bu=total
spike_up,11171864.26,Show production costs,costs,currency,total,,,,2024-12-01,1647469.000000,211723.500000,293950.000000,129497.000000,derived_total_from_business_units,value 1647469.00 is 7.8x local median 211723.50,Show production costs | bu=total
spike_up,10476221.11,Cost article - Свет/Мебель/Предметы интерьера,costs_article,currency,total,,,,2025-11-01,1176622.000000,118807.000000,19357.000000,901605.000000,planfact,value 1176622.00 is 9.9x local median 118807.00,Cost article - Свет/Мебель/Предметы интерьера | bu=total
drop_down,10470714.40,Net profit,finance,currency,total,,,,2025-02-01,554392.000000,2702421.334000,1010672.000000,2212177.668000,derived_total_from_business_units,value 554392.00 is only 0.21x local median 2702421.33,Net profit | bu=total
drop_down,9751252.08,Operating profit,finance,currency,total,,,,2025-12-01,1053100.000000,3774056.500000,3363193.000000,3378055.000000,planfact,value 1053100.00 is only 0.28x local median 3774056.50,Operating profit | bu=total
drop_down,8391684.06,Investment costs,costs,currency,total,,,,2020-09-01,1000.000000,92107.500000,0.000000,0.000000,derived_total_from_business_units,value 1000.00 is only 0.01x local median 92107.50,Investment costs | bu=total
drop_down,8314054.98,EBIT,finance,currency,total,,,,2025-12-01,1208854.000000,3831780.500000,3394055.000000,3426830.000000,planfact,value 1208854.00 is only 0.32x local median 3831780.50,EBIT | bu=total
drop_down,8314054.98,EBITDA,finance,currency,total,,,,2025-12-01,1208854.000000,3831780.500000,3394055.000000,3426830.000000,planfact,value 1208854.00 is only 0.32x local median 3831780.50,EBITDA | bu=total
drop_down,8314054.98,EBT,finance,currency,total,,,,2025-12-01,1208854.000000,3831780.500000,3394055.000000,3426830.000000,planfact,value 1208854.00 is only 0.32x local median 3831780.50,EBT | bu=total
spike_up,6551723.09,Net profit,finance,currency,total,,,,2020-02-01,878100.000000,103779.000000,1205000.000000,378700.000000,google_sheets_monthly_economics_historical,value 878100.00 is 8.5x local median 103779.00,Net profit | bu=total
spike_up,6026940.35,Dividends,finance,currency,total,,,,2023-12-01,2592000.000000,779500.000000,600000.000000,659000.000000,manual_dividends_total_history,value 2592000.00 is 3.3x local median 779500.00,Dividends | bu=total
spike_up,6013900.10,Cost article - Страховые взносы,costs_article,currency,total,,,,2025-06-01,497342.000000,37988.000000,37988.000000,,derived_total_from_business_units,value 497342.00 is 13.1x local median 37988.00,Cost article - Страховые взносы | bu=total
spike_up,5968066.41,Dividends,finance,currency,total,,,,2024-11-01,2948500.000000,975000.000000,1200000.000000,509755.000000,derived_total_from_business_units,value 2948500.00 is 3.0x local median 975000.00,Dividends | bu=total
spike_up,5940513.53,Cost article - Свет/Мебель/Предметы интерьера,costs_article,currency,total,,,,2025-12-01,901605.000000,118807.000000,1176622.000000,118807.000000,planfact,value 901605.00 is 7.6x local median 118807.00,Cost article - Свет/Мебель/Предметы интерьера | bu=total
drop_down,5940513.53,Cost article - Свет/Мебель/Предметы интерьера,costs_article,currency,total,,,,2026-01-01,118807.000000,901605.000000,901605.000000,0.000000,planfact,value 118807.00 is only 0.13x local median 901605.00,Cost article - Свет/Мебель/Предметы интерьера | bu=total
spike_up,5791264.02,Investment costs,costs,currency,total,,,,2024-05-01,2402681.000000,704529.500000,1464220.000000,222482.000000,derived_total_from_business_units,value 2402681.00 is 3.4x local median 704529.50,Investment costs | bu=total
spike_up,5776496.41,Show production costs,costs,currency,total,,,,2025-05-01,2171027.000000,593060.000000,464138.000000,1198301.000000,derived_total_from_business_units,value 2171027.00 is 3.7x local median 593060.00,Show production costs | bu=total
spike_up,3885286.84,Revenue,finance,currency,total,Certificate,,,2021-12-01,1179785.600000,274802.400000,298004.800000,556288.000000,derived_total_from_business_units,value 1179785.60 is 4.3x local median 274802.40,Revenue | bu=total | show=Certificate
drop_down,3812472.05,Dividends,finance,currency,total,,,,2024-12-01,509755.000000,1672054.000000,2948500.000000,2200000.000000,derived_total_from_business_units,value 509755.00 is only 0.30x local median 1672054.00,Dividends | bu=total
drop_down,3754176.38,Dividends,finance,currency,total,,,,2025-02-01,434022.000000,1511804.000000,2200000.000000,1523608.000000,derived_total_from_business_units,value 434022.00 is only 0.29x local median 1511804.00,Dividends | bu=total
drop_down,3674597.34,Investment costs,costs,currency,total,,,,2021-07-01,3450.000000,114332.000000,114332.000000,218634.000000,derived_total_from_business_units,value 3450.00 is only 0.03x local median 114332.00,Investment costs | bu=total
drop_down,3379655.91,Show production costs,costs,currency,total,,,,2025-08-01,282563.000000,1128665.000000,1198301.000000,721982.000000,planfact,value 282563.00 is only 0.25x local median 1128665.00,Show production costs | bu=total
spike_up,3257910.22,Revenue,finance,currency,total,Certificate,,,2021-03-01,1086739.000000,271829.000000,619666.000000,280554.000000,derived_total_from_business_units,value 1086739.00 is 4.0x local median 271829.00,Revenue | bu=total | show=Certificate
spike_up,3061746.91,Revenue,finance,currency,total,,,,2021-12-01,672163.000000,121000.000000,90900.000000,0.000000,derived_total_from_business_units,value 672163.00 is 5.6x local median 121000.00,Revenue | bu=total
drop_down,3017634.78,Dividends,finance,currency,total,,,,2022-01-01,230000.000000,956000.000000,,600000.000000,derived_total_from_business_units,value 230000.00 is only 0.24x local median 956000.00,Dividends | bu=total
spike_up,2842740.39,Net profit,finance,currency,total,,,,2021-03-01,562015.000000,92770.500000,99282.000000,86259.000000,google_sheets_monthly_economics_historical,value 562015.00 is 6.1x local median 92770.50,Net profit | bu=total
drop_down,2769520.52,Show production costs,costs,currency,total,,,,2025-01-01,129497.000000,667108.000000,1647469.000000,870078.000000,derived_total_from_business_units,value 129497.00 is only 0.19x local median 667108.00,Show production costs | bu=total
spike_up,2629235.54,Net profit,finance,currency,total,,,,2020-01-01,1205000.000000,378700.000000,,878100.000000,google_sheets_monthly_economics_historical,value 1205000.00 is 3.2x local median 378700.00,Net profit | bu=total
drop_down,2563012.66,Cost article - Разные налоги и взносы,costs_article,currency,total,,,,2025-08-01,12960.000000,188849.500000,380990.000000,27932.000000,planfact,value 12960.00 is only 0.07x local median 188849.50,Cost article - Разные налоги и взносы | bu=total
spike_up,2485967.90,Revenue,finance,currency,total,,,,2020-03-01,1018700.000000,296105.000000,1612100.000000,271730.000000,derived_total_from_business_units,value 1018700.00 is 3.4x local median 296105.00,Revenue | bu=total
spike_up,2433182.01,Cost article - Разные налоги и взносы,costs_article,currency,total,,,,2024-12-01,1093755.000000,339189.500000,449379.000000,385874.000000,derived_total_from_business_units,value 1093755.00 is 3.2x local median 339189.50,Cost article - Разные налоги и взносы | bu=total
zero_gap,2394147.00,Investment costs,costs,currency,total,,,,2025-09-01,0.000000,2394147.000000,0.000000,1465932.000000,planfact,zero against local median 2394147.00,Investment costs | bu=total
zero_gap,2394147.00,Investment costs,costs,currency,total,,,,2026-02-01,0.000000,2394147.000000,1281093.000000,0.000000,planfact,zero against local median 2394147.00,Investment costs | bu=total
zero_gap,2394147.00,Relocation costs,costs,currency,total,,,,2025-09-01,0.000000,2394147.000000,0.000000,1465932.000000,planfact,zero against local median 2394147.00,Relocation costs | bu=total
zero_gap,2394147.00,Relocation costs,costs,currency,total,,,,2026-02-01,0.000000,2394147.000000,1281093.000000,0.000000,planfact,zero against local median 2394147.00,Relocation costs | bu=total
spike_up,2267076.67,Show production costs,costs,currency,total,,,,2023-10-01,517625.000000,96217.000000,103054.000000,354482.000000,derived_total_from_business_units,value 517625.00 is 5.4x local median 96217.00,Show production costs | bu=total
drop_down,2233468.60,Revenue,finance,currency,total,,,,2024-05-01,192170.000000,758231.500000,32950.000000,1354191.000000,derived_total_from_business_units,value 192170.00 is only 0.25x local median 758231.50,Revenue | bu=total
spike_up,2176544.55,Returns amount,finance,currency,total,,,,2024-03-01,213446.000000,19062.500000,17725.000000,10471.000000,derived_total_from_business_units,value 213446.00 is 11.2x local median 19062.50,Returns amount | bu=total
drop_down,2145955.44,Investment costs,costs,currency,total,,,,2024-06-01,222482.000000,811106.000000,2402681.000000,756542.000000,derived_total_from_business_units,value 222482.00 is only 0.27x local median 811106.00,Investment costs | bu=total
zero_gap,2103749.00,Investment costs,costs,currency,total,,,,2025-08-01,0.000000,2103749.000000,0.000000,0.000000,planfact,zero against local median 2103749.00,Investment costs | bu=total
zero_gap,2103749.00,Relocation costs,costs,currency,total,,,,2025-08-01,0.000000,2103749.000000,,0.000000,planfact,zero against local median 2103749.00,Relocation costs | bu=total
spike_up,2028645.54,Other expenses,finance,currency,total,,,,2024-11-01,509468.000000,102264.000000,48999.000000,1341337.000000,derived_total_from_business_units,value 509468.00 is 5.0x local median 102264.00,Other expenses | bu=total
spike_up,1870676.27,Revenue,finance,currency,total,Certificate,,,2020-12-01,777331.000000,228188.000000,130627.000000,263104.000000,derived_total_from_business_units,value 777331.00 is 3.4x local median 228188.00,Revenue | bu=total | show=Certificate
zero_gap,1837620.00,Investment costs,costs,currency,total,,,,2026-03-01,0.000000,1837620.000000,0.000000,,planfact,zero against local median 1837620.00,Investment costs | bu=total
zero_gap,1837620.00,Relocation costs,costs,currency,total,,,,2026-03-01,0.000000,1837620.000000,0.000000,,planfact,zero against local median 1837620.00,Relocation costs | bu=total
spike_up,1778964.35,Cost article - Ремонт и обслуживание,costs_article,currency,total,,,,2025-08-01,312025.000000,46561.500000,75661.000000,17462.000000,planfact,value 312025.00 is 6.7x local median 46561.50,Cost article - Ремонт и обслуживание | bu=total
drop_down,1700562.50,Costs - Salary variable,costs,currency,total,SD,,,2025-02-01,4000.000000,84500.000000,5000.000000,150000.000000,derived_total_from_business_units,value 4000.00 is only 0.05x local median 84500.00,Costs - Salary variable | bu=total | show=SD
spike_up,1699345.31,Net profit,finance,currency,total,,,,2022-02-01,834871.000000,275039.500000,176624.000000,545022.000000,google_sheets_monthly_economics_historical,value 834871.00 is 3.0x local median 275039.50,Net profit | bu=total
drop_down,1545371.22,Cost article - Расходники (офисные),costs_article,currency,total,,,,2025-04-01,10396.000000,132055.000000,24165.000000,205926.000000,derived_total_from_business_units,value 10396.00 is only 0.08x local median 132055.00,Cost article - Расходники (офисные) | bu=total
drop_down,1520684.79,Marketing costs,marketing,currency,total,,other,,2025-04-01,235470.800000,727603.000000,837864.000000,228977.000000,derived_total_from_business_units,value 235470.80 is only 0.32x local median 727603.00,Marketing costs | bu=total | channel=other
spike_up,1307315.32,Cost article - Расходники (офисные),costs_article,currency,total,,,,2020-02-01,88000.000000,5550.000000,8800.000000,35000.000000,derived_total_from_business_units,value 88000.00 is 15.9x local median 5550.00,Cost article - Расходники (офисные) | bu=total
drop_down,1283700.15,Cost article - Разные налоги и взносы,costs_article,currency,total,,,,2026-03-01,3900.000000,72733.000000,3960.000000,,planfact,value 3900.00 is only 0.05x local median 72733.00,Cost article - Разные налоги и взносы | bu=total
drop_down,1274959.24,Show production costs,costs,currency,total,,,,2023-07-01,13066.000000,135766.500000,46460.000000,103054.000000,derived_total_from_business_units,value 13066.00 is only 0.10x local median 135766.50,Show production costs | bu=total
spike_up,1272869.41,Revenue,finance,currency,total,Certificate,,,2020-07-01,492069.000000,137190.000000,,119594.000000,derived_total_from_business_units,value 492069.00 is 3.6x local median 137190.00,Revenue | bu=total | show=Certificate
zero_gap,1263066.00,Cost article - Ремонт/Стройка/Стройматериалы,costs_article,currency,total,,,,2025-09-01,0.000000,1263066.000000,0.000000,1193682.000000,planfact,zero against local median 1263066.00,Cost article - Ремонт/Стройка/Стройматериалы | bu=total
zero_gap,1263066.00,Cost article - Ремонт/Стройка/Стройматериалы,costs_article,currency,total,,,,2026-02-01,0.000000,1263066.000000,1162286.000000,0.000000,planfact,zero against local median 1263066.00,Cost article - Ремонт/Стройка/Стройматериалы | bu=total
zero_gap,1228374.00,Cost article - Ремонт/Стройка/Стройматериалы,costs_article,currency,total,,,,2025-08-01,0.000000,1228374.000000,,0.000000,planfact,zero against local median 1228374.00,Cost article - Ремонт/Стройка/Стройматериалы | bu=total
zero_gap,1216518.00,Cost article - Ремонт/Стройка/Стройматериалы,costs_article,currency,total,,,,2026-03-01,0.000000,1216518.000000,0.000000,,planfact,zero against local median 1216518.00,Cost article - Ремонт/Стройка/Стройматериалы | bu=total
spike_up,1199722.37,Services and setup costs,costs,currency,total,,,,2024-09-01,299512.000000,59835.500000,80688.000000,130368.000000,derived_total_from_business_units,value 299512.00 is 5.0x local median 59835.50,Services and setup costs | bu=total
zero_gap,1088220.00,Costs - Salary fixed,costs,currency,total,,,,2025-08-01,0.000000,1088220.000000,1221709.000000,1024380.000000,planfact,zero against local median 1088220.00,Costs - Salary fixed | bu=total
drop_down,1069393.34,Other income - Purchase returns,finance,currency,total,,,,2026-02-01,359.000000,19774.000000,21250.000000,18298.000000,planfact,value 359.00 is only 0.02x local median 19774.00,Other income - Purchase returns | bu=total
drop_down,1057285.37,Revenue,finance,currency,total,,,,2021-06-01,135000.000000,451283.500000,924687.000000,186100.000000,derived_total_from_business_units,value 135000.00 is only 0.30x local median 451283.50,Revenue | bu=total
spike_up,1034032.70,Team expenses,costs,currency,total,,,,2025-01-01,194445.000000,30777.000000,37000.000000,60000.000000,derived_total_from_business_units,value 194445.00 is 6.3x local median 30777.00,Team expenses | bu=total
drop_down,1019952.11,Other expenses,finance,currency,total,,,,2025-01-01,69820.000000,304041.500000,1341337.000000,80587.000000,derived_total_from_business_units,value 69820.00 is only 0.23x local median 304041.50,Other expenses | bu=total
spike_up,1011383.04,Other expenses,finance,currency,total,,,,2022-12-01,158628.000000,21506.500000,19832.000000,23181.000000,derived_total_from_business_units,value 158628.00 is 7.4x local median 21506.50,Other expenses | bu=total
drop_down,1004269.65,Cost article - Расходники (офисные),costs_article,currency,total,,,,2020-05-01,350.000000,18924.000000,2300.000000,6839.000000,derived_total_from_business_units,value 350.00 is only 0.02x local median 18924.00,Cost article - Расходники (офисные) | bu=total
zero_gap,999500.00,Dividends,finance,currency,total,,,,2025-08-01,0.000000,999500.000000,450000.000000,1000000.000000,planfact,zero against local median 999500.00,Dividends | bu=total
drop_down,981904.51,Other expenses,finance,currency,total,,,,2025-02-01,80587.000000,324463.000000,69820.000000,1584108.000000,derived_total_from_business_units,value 80587.00 is only 0.25x local median 324463.00,Other expenses | bu=total
spike_up,913667.33,Revenue,finance,currency,total,,,,2022-02-01,337200.000000,90900.000000,0.000000,122100.000000,derived_total_from_business_units,value 337200.00 is 3.7x local median 90900.00,Revenue | bu=total
zero_gap,901605.00,Cost article - Свет/Мебель/Предметы интерьера,costs_article,currency,total,,,,2025-09-01,0.000000,901605.000000,0.000000,19357.000000,planfact,zero against local median 901605.00,Cost article - Свет/Мебель/Предметы интерьера | bu=total
zero_gap,901605.00,Cost article - Свет/Мебель/Предметы интерьера,costs_article,currency,total,,,,2026-02-01,0.000000,901605.000000,118807.000000,0.000000,planfact,zero against local median 901605.00,Cost article - Свет/Мебель/Предметы интерьера | bu=total
drop_down,882290.55,Revenue,finance,currency,total,Certificate,,,2024-05-01,47100.000000,228758.400000,556288.000000,36895.000000,derived_total_from_business_units,value 47100.00 is only 0.21x local median 228758.40,Revenue | bu=total | show=Certificate
spike_up,862464.56,Team expenses,costs,currency,total,,,,2023-12-01,134047.000000,18031.500000,6565.000000,41000.000000,derived_total_from_business_units,value 134047.00 is 7.4x local median 18031.50,Team expenses | bu=total
drop_down,845675.30,Cost article - Корпоративы фикс,costs_article,currency,total,,,,2025-10-01,76000.000000,294350.000000,0.000000,294350.000000,planfact,value 76000.00 is only 0.26x local median 294350.00,Cost article - Корпоративы фикс | bu=total
spike_up,811549.27,Cost article - Реквизит/костюмы,costs_article,currency,total,,,,2025-06-01,291986.000000,77257.000000,109708.000000,71478.000000,derived_total_from_business_units,value 291986.00 is 3.8x local median 77257.00,Cost article - Реквизит/костюмы | bu=total
spike_up,808693.02,Other expenses,finance,currency,total,,,,2023-10-01,161711.000000,26948.000000,59822.700000,21950.000000,derived_total_from_business_units,value 161711.00 is 6.0x local median 26948.00,Other expenses | bu=total
drop_down,775959.06,Revenue,finance,currency,total,,,,2023-10-01,32950.000000,177221.000000,162272.000000,192170.000000,derived_total_from_business_units,value 32950.00 is only 0.19x local median 177221.00,Revenue | bu=total
drop_down,759493.64,Cost article - Налог на прибыль (доходы),costs_article,currency,total,,,,2024-05-01,12864.000000,105485.000000,,79768.000000,derived_total_from_business_units,value 12864.00 is only 0.12x local median 105485.00,Cost article - Налог на прибыль (доходы) | bu=total
spike_up,747143.07,Team expenses,costs,currency,total,,,,2021-05-01,78800.000000,7518.000000,1000.000000,10000.000000,derived_total_from_business_units,value 78800.00 is 10.5x local median 7518.00,Team expenses | bu=total
zero_gap,745466.00,Investment costs,costs,currency,total,,,,2025-06-01,0.000000,745466.000000,0.000000,0.000000,derived_total_from_business_units,zero against local median 745466.00,Investment costs | bu=total
spike_up,735609.03,Other income - Purchase returns,finance,currency,total,,,,2025-12-01,120149.000000,16869.000000,3057.000000,21250.000000,planfact,value 120149.00 is 7.1x local median 16869.00,Other income - Purchase returns | bu=total
drop_down,720386.91,Net profit,finance,currency,total,,,,2021-06-01,19208.000000,127627.000000,52983.000000,20587.000000,google_sheets_monthly_economics_historical,value 19208.00 is only 0.15x local median 127627.00,Net profit | bu=total
drop_down,663583.53,Net profit,finance,currency,total,,,,2021-07-01,20587.000000,127627.000000,19208.000000,276325.000000,google_sheets_monthly_economics_historical,value 20587.00 is only 0.16x local median 127627.00,Net profit | bu=total
drop_down,657580.76,Other expenses,finance,currency,total,,,,2022-10-01,1500.000000,32165.500000,79256.000000,19832.000000,derived_total_from_business_units,value 1500.00 is only 0.05x local median 32165.50,Other expenses | bu=total
drop_down,645007.60,Cost article - Ремонт и обслуживание,costs_article,currency,total,,,,2025-11-01,3401.000000,48568.000000,16138.000000,57927.000000,planfact,value 3401.00 is only 0.07x local median 48568.00,Cost article - Ремонт и обслуживание | bu=total
spike_up,640639.60,Marketing costs,marketing,currency,total,,pr,,2022-01-01,185400.000000,41612.000000,20000.000000,17900.000000,derived_total_from_business_units,value 185400.00 is 4.5x local median 41612.00,Marketing costs | bu=total | channel=pr
spike_up,632815.27,Cost article - Разные налоги и взносы,costs_article,currency,total,,,,2025-12-01,141506.000000,25860.000000,25860.000000,0.000000,planfact,value 141506.00 is 5.5x local median 25860.00,Cost article - Разные налоги и взносы | bu=total
drop_down,623233.94,Revenue,finance,currency,total,,,,2021-09-01,32887.000000,160550.000000,186100.000000,121000.000000,derived_total_from_business_units,value 32887.00 is only 0.20x local median 160550.00,Revenue | bu=total
spike_up,606132.84,Show production costs,costs,currency,total,,,,2024-11-01,293950.000000,95998.500000,31909.000000,1647469.000000,derived_total_from_business_units,value 293950.00 is 3.1x local median 95998.50,Show production costs | bu=total
zero_gap,597989.50,Cost article - Свет/Мебель/Предметы интерьера,costs_article,currency,total,,,,2025-08-01,0.000000,597989.500000,,0.000000,planfact,zero against local median 597989.50,Cost article - Свет/Мебель/Предметы интерьера | bu=total
drop_down,590010.90,Cost article - Расходники (офисные),costs_article,currency,total,,,,2025-03-01,24165.000000,132097.500000,141779.000000,10396.000000,derived_total_from_business_units,value 24165.00 is only 0.18x local median 132097.50,Cost article - Расходники (офисные) | bu=total
spike_up,524827.01,Investment costs,costs,currency,total,,,,2021-08-01,218634.000000,64295.000000,3450.000000,51770.000000,derived_total_from_business_units,value 218634.00 is 3.4x local median 64295.00,Investment costs | bu=total
zero_gap,510206.00,Cost article - Свет/Мебель/Предметы интерьера,costs_article,currency,total,,,,2026-03-01,0.000000,510206.000000,0.000000,,planfact,zero against local median 510206.00,Cost article - Свет/Мебель/Предметы интерьера | bu=total
drop_down,492295.23,Cost article - Другое,costs_article,currency,total,,,,2026-02-01,44709.000000,172387.000000,208566.000000,284211.000000,planfact,value 44709.00 is only 0.26x local median 172387.00,Cost article - Другое | bu=total
drop_down,492201.38,Investment costs,costs,currency,total,,,,2023-04-01,58254.000000,200944.000000,200944.000000,0.000000,derived_total_from_business_units,value 58254.00 is only 0.29x local median 200944.00,Investment costs | bu=total
spike_up,473173.15,Cost article - Расходники (офисные),costs_article,currency,total,,,,2021-08-01,162818.000000,41682.500000,23592.000000,65827.000000,derived_total_from_business_units,value 162818.00 is 3.9x local median 41682.50,Cost article - Расходники (офисные) | bu=total
drop_down,472332.66,Revenue,finance,currency,total,Certificate,,,2024-06-01,36895.000000,151740.500000,47100.000000,143969.000000,derived_total_from_business_units,value 36895.00 is only 0.24x local median 151740.50,Revenue | bu=total | show=Certificate
spike_up,468855.98,Team expenses,costs,currency,total,,,,2025-03-01,141000.000000,32599.500000,60000.000000,16000.000000,derived_total_from_business_units,value 141000.00 is 4.3x local median 32599.50,Team expenses | bu=total
zero_gap,460000.00,Cost article - Управленческий персонал ФОТ,costs_article,currency,total,,,,2025-08-01,0.000000,460000.000000,,701276.000000,planfact,zero against local median 460000.00,Cost article - Управленческий персонал ФОТ | bu=total
spike_up,449849.58,Other expenses,finance,currency,total,,,,2024-03-01,141961.000000,34053.000000,39110.000000,26000.000000,derived_total_from_business_units,value 141961.00 is 4.2x local median 34053.00,Other expenses | bu=total
drop_down,411514.85,Investment costs,costs,currency,total,,,,2021-11-01,13200.000000,80597.000000,76820.000000,57386.000000,derived_total_from_business_units,value 13200.00 is only 0.16x local median 80597.00,Investment costs | bu=total
drop_down,407066.67,Costs - Salary fixed,costs,currency,total,,,,2020-02-01,15000.000000,86000.000000,15000.000000,45000.000000,derived_total_from_business_units,value 15000.00 is only 0.17x local median 86000.00,Costs - Salary fixed | bu=total
drop_down,387417.60,Returns amount,finance,currency,total,,,,2025-08-01,9000.000000,63720.000000,135800.000000,13500.000000,planfact,value 9000.00 is only 0.14x local median 63720.00,Returns amount | bu=total
drop_down,350670.23,Other expenses,finance,currency,total,,,,2022-06-01,2117.000000,28325.500000,23915.000000,9700.000000,derived_total_from_business_units,value 2117.00 is only 0.07x local median 28325.50,Other expenses | bu=total
spike_up,346147.87,Other expenses,finance,currency,total,,,,2022-09-01,79256.000000,14766.000000,41150.000000,1500.000000,derived_total_from_business_units,value 79256.00 is 5.4x local median 14766.00,Other expenses | bu=total
drop_down,330435.19,Returns amount,finance,currency,total,,,,2024-01-01,3375.000000,35125.000000,67700.000000,17725.000000,derived_total_from_business_units,value 3375.00 is only 0.10x local median 35125.00,Returns amount | bu=total
spike_up,328554.86,Variable logistics costs,costs,currency,total,,,,2025-02-01,81768.000000,16294.500000,14644.000000,12422.000000,derived_total_from_business_units,value 81768.00 is 5.0x local median 16294.50,Variable logistics costs | bu=total
zero_gap,277385.50,Cost article - Техника,costs_article,currency,total,,,,2025-08-01,0.000000,277385.500000,,0.000000,planfact,zero against local median 277385.50,Cost article - Техника | bu=total
drop_down,276369.19,Cost article - Разные налоги и взносы,costs_article,currency,total,,,,2025-09-01,27932.000000,102930.000000,12960.000000,64354.000000,planfact,value 27932.00 is only 0.27x local median 102930.00,Cost article - Разные налоги и взносы | bu=total
zero_gap,270000.00,Cost article - Корпоративы фикс,costs_article,currency,total,,,,2025-09-01,0.000000,270000.000000,0.000000,76000.000000,planfact,zero against local median 270000.00,Cost article - Корпоративы фикс | bu=total
drop_down,268666.67,Marketing costs,marketing,currency,total,,pr,,2020-08-01,600.000000,13000.000000,6000.000000,4500.000000,derived_total_from_business_units,value 600.00 is only 0.05x local median 13000.00,Marketing costs | bu=total | channel=pr
drop_down,266710.00,Show production costs,costs,currency,total,,,,2024-07-01,9000.000000,53700.000000,113425.000000,62500.000000,derived_total_from_business_units,value 9000.00 is only 0.17x local median 53700.00,Show production costs | bu=total
drop_down,264903.56,Show production costs,costs,currency,total,,,,2022-08-01,17220.000000,76696.500000,50810.000000,103051.000000,derived_total_from_business_units,value 17220.00 is only 0.22x local median 76696.50,Show production costs | bu=total
zero_gap,261835.00,Cost article - Техника,costs_article,currency,total,,,,2026-02-01,0.000000,261835.000000,0.000000,0.000000,planfact,zero against local median 261835.00,Cost article - Техника | bu=total
drop_down,255674.87,Cost article - Страховые взносы,costs_article,currency,total,,,,2024-01-01,12375.000000,62776.030000,92419.000000,12375.000000,derived_total_from_business_units,value 12375.00 is only 0.20x local median 62776.03,Cost article - Страховые взносы | bu=total
zero_gap,252893.00,Cost article - Техника,costs_article,currency,total,,,,2025-09-01,0.000000,252893.000000,0.000000,252893.000000,planfact,zero against local median 252893.00,Cost article - Техника | bu=total
zero_gap,252893.00,Cost article - Техника,costs_article,currency,total,,,,2026-01-01,0.000000,252893.000000,221792.000000,0.000000,planfact,zero against local median 252893.00,Cost article - Техника | bu=total
drop_down,249918.14,Cost article - Реквизит/костюмы,costs_article,currency,total,,,,2025-09-01,24737.000000,91962.500000,71478.000000,72059.000000,planfact,value 24737.00 is only 0.27x local median 91962.50,Cost article - Реквизит/костюмы | bu=total
spike_up,248467.81,Cost article - Расходники (офисные),costs_article,currency,total,,,,2021-04-01,88068.000000,23046.500000,30579.000000,46117.000000,derived_total_from_business_units,value 88068.00 is 3.8x local median 23046.50,Cost article - Расходники (офисные) | bu=total
zero_gap,243350.00,Cost article - Административный персонал ФОТ,costs_article,currency,total,,,,2025-08-01,0.000000,243350.000000,,323103.000000,planfact,zero against local median 243350.00,Cost article - Административный персонал ФОТ | bu=total
drop_down,242982.70,Returns amount,finance,currency,total,,,,2025-09-01,13500.000000,64420.000000,9000.000000,0.000000,planfact,value 13500.00 is only 0.21x local median 64420.00,Returns amount | bu=total
drop_down,235774.20,Cost article - Ремонт и обслуживание,costs_article,currency,total,,,,2023-09-01,5398.000000,38476.000000,49980.000000,26972.000000,derived_total_from_business_units,value 5398.00 is only 0.14x local median 38476.00,Cost article - Ремонт и обслуживание | bu=total
drop_down,233911.76,Other income,finance,currency,total,,,,2025-09-01,7723.000000,46539.500000,6326.000000,62217.000000,planfact,value 7723.00 is only 0.17x local median 46539.50,Other income | bu=total
zero_gap,230406.00,Investment costs,costs,currency,total,,,,2023-07-01,0.000000,230406.000000,0.000000,199598.000000,derived_total_from_business_units,zero against local median 230406.00,Investment costs | bu=total
spike_up,229571.99,Business travel costs,costs,currency,total,,,,2025-03-01,33349.000000,4230.000000,3110.000000,4230.000000,derived_total_from_business_units,value 33349.00 is 7.9x local median 4230.00,Business travel costs | bu=total
drop_down,228085.59,Investment costs,costs,currency,total,,,,2022-03-01,32000.000000,102918.000000,84374.000000,0.000000,derived_total_from_business_units,value 32000.00 is only 0.31x local median 102918.00,Investment costs | bu=total
spike_up,224748.65,Cost article - IT ФОТ,costs_article,currency,total,,,,2026-01-01,99756.000000,30666.000000,30666.000000,23548.000000,planfact,value 99756.00 is 3.3x local median 30666.00,Cost article - IT ФОТ | bu=total
drop_down,208561.04,Investment costs,costs,currency,total,,,,2020-05-01,9000.000000,48058.000000,51416.000000,44700.000000,derived_total_from_business_units,value 9000.00 is only 0.19x local median 48058.00,Investment costs | bu=total
spike_up,206245.00,Marketing costs,marketing,currency,total,,pr,,2022-05-01,98800.000000,32000.000000,58160.000000,6500.000000,derived_total_from_business_units,value 98800.00 is 3.1x local median 32000.00,Marketing costs | bu=total | channel=pr
drop_down,202030.12,Cost article - Реквизит/костюмы,costs_article,currency,total,,,,2023-07-01,4133.000000,31036.500000,12723.000000,29081.000000,derived_total_from_business_units,value 4133.00 is only 0.13x local median 31036.50,Cost article - Реквизит/костюмы | bu=total
zero_gap,200271.00,Investment costs,costs,currency,total,,,,2023-05-01,0.000000,200271.000000,58254.000000,0.000000,derived_total_from_business_units,zero against local median 200271.00,Investment costs | bu=total
zero_gap,200271.00,Investment costs,costs,currency,total,,,,2023-06-01,0.000000,200271.000000,0.000000,0.000000,derived_total_from_business_units,zero against local median 200271.00,Investment costs | bu=total
drop_down,198090.69,Cost article - Другое,costs_article,currency,total,,,,2025-08-01,26536.000000,86974.000000,,86974.000000,planfact,value 26536.00 is only 0.31x local median 86974.00,Cost article - Другое | bu=total
zero_gap,198009.00,Other expenses,finance,currency,total,,,,2025-09-01,0.000000,198009.000000,0.000000,0.000000,planfact,zero against local median 198009.00,Other expenses | bu=total
drop_down,188700.13,Cost article - Ремонт и обслуживание,costs_article,currency,total,,,,2025-09-01,17462.000000,66794.000000,312025.000000,16138.000000,planfact,value 17462.00 is only 0.26x local median 66794.00,Cost article - Ремонт и обслуживание | bu=total
zero_gap,185175.00,Cost article - Корпоративы фикс,costs_article,currency,total,,,,2025-08-01,0.000000,185175.000000,,0.000000,planfact,zero against local median 185175.00,Cost article - Корпоративы фикс | bu=total
drop_down,169734.52,Cost article - Реквизит/костюмы,costs_article,currency,total,,,,2024-04-01,8252.000000,41778.000000,49674.000000,18488.000000,derived_total_from_business_units,value 8252.00 is only 0.20x local median 41778.00,Cost article - Реквизит/костюмы | bu=total
zero_gap,165356.50,Investment costs,costs,currency,total,,,,2022-12-01,0.000000,165356.500000,92470.000000,194292.000000,derived_total_from_business_units,zero against local median 165356.50,Investment costs | bu=total
drop_down,165000.00,Team expenses,costs,currency,total,,,,2025-04-01,16000.000000,60000.000000,141000.000000,20000.000000,derived_total_from_business_units,value 16000.00 is only 0.27x local median 60000.00,Team expenses | bu=total
drop_down,162511.58,Other income - Deposit interest,finance,currency,total,,,,2025-08-01,5185.000000,31736.000000,35667.000000,7723.000000,planfact,value 5185.00 is only 0.16x local median 31736.00,Other income - Deposit interest | bu=total
spike_up,153181.45,Returns amount,finance,currency,total,,,,2023-12-01,67700.000000,20750.000000,20250.000000,3375.000000,derived_total_from_business_units,value 67700.00 is 3.3x local median 20750.00,Returns amount | bu=total
zero_gap,147532.00,Marketing costs,marketing,currency,total,,direct,,2021-09-01,0.000000,147532.000000,0.000000,51096.000000,derived_total_from_business_units,zero against local median 147532.00,Marketing costs | bu=total | channel=direct
zero_gap,146716.00,Investment costs,costs,currency,total,,,,2021-04-01,0.000000,146716.000000,60883.000000,180400.000000,derived_total_from_business_units,zero against local median 146716.00,Investment costs | bu=total
spike_up,144119.75,Cost article - Расходники (офисные),costs_article,currency,total,,,,2020-03-01,35000.000000,6839.000000,88000.000000,2300.000000,derived_total_from_business_units,value 35000.00 is 5.1x local median 6839.00,Cost article - Расходники (офисные) | bu=total
drop_down,143013.64,Cost article - Разные налоги и взносы,costs_article,currency,total,,,,2026-02-01,3960.000000,25860.000000,0.000000,3900.000000,planfact,value 3960.00 is only 0.15x local median 25860.00,Cost article - Разные налоги и взносы | bu=total
drop_down,140058.74,Cost article - КОМИССИИ БАНКОВ,costs_article,currency,total,,,,2026-02-01,3205.000000,22850.000000,23472.000000,22228.000000,planfact,value 3205.00 is only 0.14x local median 22850.00,Cost article - КОМИССИИ БАНКОВ | bu=total
zero_gap,139458.00,Other expenses,finance,currency,total,,,,2025-08-01,0.000000,139458.000000,256560.000000,0.000000,planfact,zero against local median 139458.00,Other expenses | bu=total
drop_down,133601.46,Cost article - Реквизит/костюмы,costs_article,currency,total,,,,2022-12-01,4220.000000,25948.000000,20820.000000,40046.000000,derived_total_from_business_units,value 4220.00 is only 0.16x local median 25948.00,Cost article - Реквизит/костюмы | bu=total
spike_up,130358.57,Marketing costs,marketing,currency,total,,direct,,2020-10-01,64762.000000,21495.000000,45031.000000,9807.000000,derived_total_from_business_units,value 64762.00 is 3.0x local median 21495.00,Marketing costs | bu=total | channel=direct
spike_up,129053.30,Other income - Deposit interest,finance,currency,total,,,,2025-06-01,35667.000000,7723.000000,,5185.000000,derived_total_from_business_units,value 35667.00 is 4.6x local median 7723.00,Other income - Deposit interest | bu=total
drop_down,128534.91,Other income - Deposit interest,finance,currency,total,,,,2025-09-01,7723.000000,35604.000000,5185.000000,45348.000000,planfact,value 7723.00 is only 0.22x local median 35604.00,Other income - Deposit interest | bu=total
drop_down,128508.81,Other expenses,finance,currency,total,,,,2023-02-01,4800.000000,27352.000000,23181.000000,31523.000000,derived_total_from_business_units,value 4800.00 is only 0.18x local median 27352.00,Other expenses | bu=total
drop_down,125538.46,Marketing costs,marketing,currency,total,,pr,,2022-06-01,6500.000000,32000.000000,98800.000000,34000.000000,derived_total_from_business_units,value 6500.00 is only 0.20x local median 32000.00,Marketing costs | bu=total | channel=pr
spike_up,123780.38,Cost article - Расходники (офисные),costs_article,currency,total,,,,2020-12-01,55361.000000,17108.500000,20000.000000,9478.000000,derived_total_from_business_units,value 55361.00 is 3.2x local median 17108.50,Cost article - Расходники (офисные) | bu=total
zero_gap,121550.00,Revenue,finance,currency,total,,,,2022-01-01,0.000000,121550.000000,672163.000000,337200.000000,derived_total_from_business_units,zero against local median 121550.00,Revenue | bu=total
drop_down,119701.24,Other income,finance,currency,total,,,,2025-08-01,6326.000000,30862.000000,,7723.000000,planfact,value 6326.00 is only 0.20x local median 30862.00,Other income | bu=total
zero_gap,118985.00,Investment costs,costs,currency,total,,,,2020-10-01,0.000000,118985.000000,1000.000000,118985.000000,derived_total_from_business_units,zero against local median 118985.00,Investment costs | bu=total
drop_down,116381.09,Cost article - Ремонт и обслуживание,costs_article,currency,total,,,,2025-10-01,16138.000000,52151.500000,17462.000000,3401.000000,planfact,value 16138.00 is only 0.31x local median 52151.50,Cost article - Ремонт и обслуживание | bu=total
drop_down,113543.83,Other expenses,finance,currency,total,,,,2023-06-01,8000.000000,34403.135000,3070.000000,60.000000,derived_total_from_business_units,value 8000.00 is only 0.23x local median 34403.13,Other expenses | bu=total
spike_up,111774.98,Services and setup costs,costs,currency,total,,,,2023-06-01,37820.000000,9561.500000,11170.000000,4752.000000,derived_total_from_business_units,value 37820.00 is 4.0x local median 9561.50,Services and setup costs | bu=total
zero_gap,109659.00,Investment costs,costs,currency,total,,,,2022-04-01,0.000000,109659.000000,32000.000000,116400.000000,derived_total_from_business_units,zero against local median 109659.00,Investment costs | bu=total
drop_down,108999.23,Investment costs,costs,currency,total,,,,2020-03-01,13000.000000,44700.000000,0.000000,51416.000000,derived_total_from_business_units,value 13000.00 is only 0.29x local median 44700.00,Investment costs | bu=total
spike_up,108999.23,Investment costs,costs,currency,total,,,,2020-06-01,44700.000000,13000.000000,9000.000000,65230.000000,derived_total_from_business_units,value 44700.00 is 3.4x local median 13000.00,Investment costs | bu=total
drop_down,107442.70,Other expenses,finance,currency,total,,,,2023-05-01,3070.000000,19761.500000,509030.000000,8000.000000,derived_total_from_business_units,value 3070.00 is only 0.16x local median 19761.50,Other expenses | bu=total
drop_down,104204.55,Cost article - Расходники (офисные),costs_article,currency,total,,,,2020-01-01,8800.000000,35000.000000,,88000.000000,derived_total_from_business_units,value 8800.00 is only 0.25x local median 35000.00,Cost article - Расходники (офисные) | bu=total
drop_down,99064.92,Revenue,finance,currency,total,,,,2022-05-01,12751.000000,42484.000000,20720.000000,51000.000000,derived_total_from_business_units,value 12751.00 is only 0.30x local median 42484.00,Revenue | bu=total
drop_down,98431.12,Costs - Salary variable,costs,currency,total,SD,,,2025-01-01,5000.000000,24825.000000,19000.000000,4000.000000,derived_total_from_business_units,value 5000.00 is only 0.20x local median 24825.00,Costs - Salary variable | bu=total | show=SD
zero_gap,97500.00,Marketing costs,marketing,currency,total,,smm,,2025-06-01,0.000000,97500.000000,0.000000,,derived_total_from_business_units,zero against local median 97500.00,Marketing costs | bu=total | channel=smm
drop_down,90000.00,Marketing costs,marketing,currency,total,,smm,,2023-09-01,7500.000000,30000.000000,30000.000000,30000.000000,derived_total_from_business_units,value 7500.00 is only 0.25x local median 30000.00,Marketing costs | bu=total | channel=smm
spike_up,89565.40,Cost article - IT ФОТ,costs_article,currency,total,,,,2022-11-01,17482.000000,2855.000000,13806.000000,3032.000000,derived_total_from_business_units,value 17482.00 is 6.1x local median 2855.00,Cost article - IT ФОТ | bu=total
drop_down,89245.42,Returns amount,finance,currency,total,,,,2024-04-01,10471.000000,36250.000000,213446.000000,20400.000000,derived_total_from_business_units,value 10471.00 is only 0.29x local median 36250.00,Returns amount | bu=total
drop_down,86594.18,Variable logistics costs,costs,currency,total,,,,2023-01-01,1489.000000,12124.000000,17881.000000,6086.000000,derived_total_from_business_units,value 1489.00 is only 0.12x local median 12124.00,Variable logistics costs | bu=total
drop_down,84359.27,Marketing costs,marketing,currency,total,,direct,,2020-11-01,9807.000000,34081.500000,64762.000000,19858.000000,derived_total_from_business_units,value 9807.00 is only 0.29x local median 34081.50,Marketing costs | bu=total | channel=direct
spike_up,83700.16,Cost article - IT ФОТ,costs_article,currency,total,,,,2022-03-01,30617.000000,8200.000000,20900.000000,4505.000000,derived_total_from_business_units,value 30617.00 is 3.7x local median 8200.00,Cost article - IT ФОТ | bu=total
spike_up,77742.94,Other expenses,finance,currency,total,,,,2022-04-01,32736.000000,9700.000000,7539.000000,23915.000000,derived_total_from_business_units,value 32736.00 is 3.4x local median 9700.00,Other expenses | bu=total
drop_down,76928.05,Cost article - Расходники (офисные),costs_article,currency,total,,,,2021-01-01,9478.000000,32154.000000,55361.000000,14217.000000,derived_total_from_business_units,value 9478.00 is only 0.29x local median 32154.00,Cost article - Расходники (офисные) | bu=total
drop_down,76216.76,Other income - Purchase returns,finance,currency,total,,,,2025-11-01,3057.000000,16869.000000,16869.000000,120149.000000,planfact,value 3057.00 is only 0.18x local median 16869.00,Other income - Purchase returns | bu=total
zero_gap,75000.00,Investment costs,costs,currency,total,,,,2025-04-01,0.000000,75000.000000,25000.000000,0.000000,derived_total_from_business_units,zero against local median 75000.00,Investment costs | bu=total
drop_down,74886.44,Cost article - IT ФОТ,costs_article,currency,total,,,,2023-02-01,2672.000000,15544.500000,23641.000000,1671.000000,derived_total_from_business_units,value 2672.00 is only 0.17x local median 15544.50,Cost article - IT ФОТ | bu=total
drop_down,69942.24,Business travel costs,costs,currency,total,,,,2025-04-01,4230.000000,19445.000000,33349.000000,49342.000000,derived_total_from_business_units,value 4230.00 is only 0.22x local median 19445.00,Business travel costs | bu=total
spike_up,69629.64,Services and setup costs,costs,currency,total,,,,2020-04-01,25078.000000,6640.500000,5000.000000,20169.000000,derived_total_from_business_units,value 25078.00 is 3.8x local median 6640.50,Services and setup costs | bu=total
spike_up,69608.74,Cost article - Комиссия,costs_article,currency,total,,,,2020-03-01,28524.000000,8291.000000,45139.000000,7608.000000,derived_total_from_business_units,value 28524.00 is 3.4x local median 8291.00,Cost article - Комиссия | bu=total
zero_gap,65000.00,Marketing costs,marketing,currency,total,,smm,,2025-05-01,0.000000,65000.000000,130000.000000,0.000000,derived_total_from_business_units,zero against local median 65000.00,Marketing costs | bu=total | channel=smm
drop_down,64428.98,Returns amount,finance,currency,total,,,,2023-08-01,3805.000000,17675.000000,15100.000000,21250.000000,derived_total_from_business_units,value 3805.00 is only 0.22x local median 17675.00,Returns amount | bu=total
spike_up,64152.99,Team expenses,costs,currency,total,,,,2023-05-01,21775.000000,5518.000000,6036.000000,3360.000000,derived_total_from_business_units,value 21775.00 is 3.9x local median 5518.00,Team expenses | bu=total
zero_gap,64000.00,Cost article - Другое ФОТ,costs_article,currency,total,,,,2025-12-01,0.000000,64000.000000,213.000000,72500.000000,planfact,zero against local median 64000.00,Cost article - Другое ФОТ | bu=total
drop_down,62364.71,Cost article - IT ФОТ,costs_article,currency,total,,,,2021-04-01,2550.000000,13950.000000,13950.000000,16927.000000,derived_total_from_business_units,value 2550.00 is only 0.18x local median 13950.00,Cost article - IT ФОТ | bu=total
zero_gap,60630.00,Cost article - IT ФОТ,costs_article,currency,total,,,,2025-08-01,0.000000,60630.000000,72889.000000,32731.000000,planfact,zero against local median 60630.00,Cost article - IT ФОТ | bu=total
drop_down,57578.83,Team expenses,costs,currency,total,,,,2023-11-01,6565.000000,23000.000000,1950.000000,134047.000000,derived_total_from_business_units,value 6565.00 is only 0.29x local median 23000.00,Team expenses | bu=total
spike_up,57142.86,Cost article - КОМИССИИ БАНКОВ,costs_article,currency,total,,,,2021-05-01,16000.000000,3500.000000,3600.000000,3500.000000,derived_total_from_business_units,value 16000.00 is 4.6x local median 3500.00,Cost article - КОМИССИИ БАНКОВ | bu=total
zero_gap,55000.00,Marketing costs,marketing,currency,total,,direct,,2020-04-01,0.000000,55000.000000,55000.000000,0.000000,derived_total_from_business_units,zero against local median 55000.00,Marketing costs | bu=total | channel=direct
zero_gap,55000.00,Marketing costs,marketing,currency,total,,direct,,2020-05-01,0.000000,55000.000000,0.000000,45031.000000,derived_total_from_business_units,zero against local median 55000.00,Marketing costs | bu=total | channel=direct
zero_gap,54625.00,Investment costs,costs,currency,total,,,,2025-05-01,0.000000,54625.000000,0.000000,0.000000,derived_total_from_business_units,zero against local median 54625.00,Investment costs | bu=total
drop_down,53796.19,Other expenses,finance,currency,total,,,,2022-03-01,7539.000000,24258.000000,24601.000000,32736.000000,derived_total_from_business_units,value 7539.00 is only 0.31x local median 24258.00,Other expenses | bu=total
drop_down,53618.94,Cost article - Расходники (офисные),costs_article,currency,total,,,,2020-04-01,2300.000000,12314.500000,35000.000000,350.000000,derived_total_from_business_units,value 2300.00 is only 0.19x local median 12314.50,Cost article - Расходники (офисные) | bu=total
zero_gap,53376.50,Cost article - Мебель и предметы интерьера,costs_article,currency,total,,,,2025-12-01,0.000000,53376.500000,0.000000,0.000000,planfact,zero against local median 53376.50,Cost article - Мебель и предметы интерьера | bu=total
zero_gap,53376.50,Cost article - Мебель и предметы интерьера,costs_article,currency,total,,,,2026-01-01,0.000000,53376.500000,0.000000,24923.000000,planfact,zero against local median 53376.50,Cost article - Мебель и предметы интерьера | bu=total
zero_gap,51096.00,Marketing costs,marketing,currency,total,,direct,,2021-07-01,0.000000,51096.000000,0.000000,0.000000,derived_total_from_business_units,zero against local median 51096.00,Marketing costs | bu=total | channel=direct
spike_up,48753.52,Cost article - КОМИССИИ БАНКОВ,costs_article,currency,total,,,,2021-03-01,15050.000000,3550.000000,700.000000,3600.000000,derived_total_from_business_units,value 15050.00 is 4.2x local median 3550.00,Cost article - КОМИССИИ БАНКОВ | bu=total
spike_up,46439.02,Cost article - Уборка,costs_article,currency,total,,,,2021-04-01,16000.000000,4100.000000,10000.000000,2000.000000,derived_total_from_business_units,value 16000.00 is 3.9x local median 4100.00,Cost article - Уборка | bu=total
zero_gap,44700.00,Investment costs,costs,currency,total,,,,2020-08-01,0.000000,44700.000000,65230.000000,1000.000000,derived_total_from_business_units,zero against local median 44700.00,Investment costs | bu=total
spike_up,41314.81,Variable logistics costs,costs,currency,total,,,,2022-02-01,17863.000000,5392.000000,2870.000000,12045.000000,derived_total_from_business_units,value 17863.00 is 3.3x local median 5392.00,Variable logistics costs | bu=total
spike_up,40942.14,Cost article - IT ФОТ,costs_article,currency,total,,,,2022-10-01,13806.000000,3481.500000,2678.000000,17482.000000,derived_total_from_business_units,value 13806.00 is 4.0x local median 3481.50,Cost article - IT ФОТ | bu=total
drop_down,40310.37,Variable logistics costs,costs,currency,total,,,,2025-08-01,4351.000000,15596.500000,16368.000000,21841.000000,planfact,value 4351.00 is only 0.28x local median 15596.50,Variable logistics costs | bu=total
zero_gap,36913.50,Business travel costs,costs,currency,total,,,,2025-11-01,0.000000,36913.500000,54382.000000,0.000000,planfact,zero against local median 36913.50,Business travel costs | bu=total
zero_gap,36913.50,Business travel costs,costs,currency,total,,,,2025-12-01,0.000000,36913.500000,0.000000,0.000000,planfact,zero against local median 36913.50,Business travel costs | bu=total
zero_gap,36356.50,Cost article - Другое ФОТ,costs_article,currency,total,,,,2025-10-01,0.000000,36356.500000,0.000000,213.000000,planfact,zero against local median 36356.50,Cost article - Другое ФОТ | bu=total
spike_up,35000.00,Marketing costs,marketing,currency,total,,pr,,2020-05-01,15000.000000,4500.000000,,6000.000000,derived_total_from_business_units,value 15000.00 is 3.3x local median 4500.00,Marketing costs | bu=total | channel=pr
zero_gap,33349.00,Business travel costs,costs,currency,total,,,,2025-08-01,0.000000,33349.000000,49342.000000,19445.000000,planfact,zero against local median 33349.00,Business travel costs | bu=total
zero_gap,32208.00,Investment costs,costs,currency,total,,,,2020-01-01,0.000000,32208.000000,,0.000000,derived_total_from_business_units,zero against local median 32208.00,Investment costs | bu=total
zero_gap,25860.00,Cost article - Разные налоги и взносы,costs_article,currency,total,,,,2026-01-01,0.000000,25860.000000,141506.000000,3960.000000,planfact,zero against local median 25860.00,Cost article - Разные налоги и взносы | bu=total
zero_gap,23550.00,Returns amount,finance,currency,total,,,,2025-10-01,0.000000,23550.000000,13500.000000,22300.000000,planfact,zero against local median 23550.00,Returns amount | bu=total
zero_gap,23132.00,Marketing costs,marketing,currency,total,,direct,,2021-06-01,0.000000,23132.000000,0.000000,0.000000,derived_total_from_business_units,zero against local median 23132.00,Marketing costs | bu=total | channel=direct
zero_gap,22228.00,Cost article - КОМИССИИ БАНКОВ,costs_article,currency,total,,,,2025-12-01,0.000000,22228.000000,0.000000,23472.000000,planfact,zero against local median 22228.00,Cost article - КОМИССИИ БАНКОВ | bu=total
zero_gap,19858.00,Marketing costs,marketing,currency,total,,direct,,2021-05-01,0.000000,19858.000000,23132.000000,0.000000,derived_total_from_business_units,zero against local median 19858.00,Marketing costs | bu=total | channel=direct
zero_gap,16100.00,Cost article - Отсмотр видео,costs_article,currency,total,,,,2025-08-01,0.000000,16100.000000,,0.000000,planfact,zero against local median 16100.00,Cost article - Отсмотр видео | bu=total
zero_gap,14226.00,Cost article - КОМИССИИ БАНКОВ,costs_article,currency,total,,,,2025-10-01,0.000000,14226.000000,0.000000,0.000000,planfact,zero against local median 14226.00,Cost article - КОМИССИИ БАНКОВ | bu=total
zero_gap,13338.50,Cost article - КОМИССИИ БАНКОВ,costs_article,currency,total,,,,2025-11-01,0.000000,13338.500000,0.000000,0.000000,planfact,zero against local median 13338.50,Cost article - КОМИССИИ БАНКОВ | bu=total
zero_gap,13000.00,Investment costs,costs,currency,total,,,,2020-02-01,0.000000,13000.000000,0.000000,13000.000000,derived_total_from_business_units,zero against local median 13000.00,Investment costs | bu=total
zero_gap,11379.50,Actor upsell sales,commerce,currency,total,,,,2024-10-01,0.000000,11379.500000,7940.000000,18750.000000,derived_total_from_business_units,zero against local median 11379.50,Actor upsell sales | bu=total
